Article_number;Stock;Stock_BE;ETA;ETA_Confirmed;Status;Classe_comm;last_update
00124/01/30;0;149;;;;Competitive;13.07.2026
00124/04/30;0;71;;;;Competitive;13.07.2026
00124/14/30;0;98;;;;Competitive;13.07.2026
00126/01/30;11;0;;;Dropped out;;13.07.2026
00127/01/30;0;125;;;;Competitive;13.07.2026
00131/40/30;0;80;;;;Essential;13.07.2026
00224/01/30;0;110;;;;Competitive;13.07.2026
00424/01/30;0;77;15/09/2026;;;Competitive;13.07.2026
00424/04/30;0;114;;21/08/2026;;Competitive;13.07.2026
00425/01/30;0;68;;;;Competitive;13.07.2026
00425/04/30;0;109;;;;Competitive;13.07.2026
00425/06/30;0;159;;;;Competitive;13.07.2026
00427/04/30;0;52;;;;Competitive;13.07.2026
00430/04/60;0;68;;;;Essential;13.07.2026
00430/20/60;0;66;;;;Essential;13.07.2026
00430/21/60;0;56;;;;Essential;13.07.2026
00430/28/60;0;72;;;;Essential;13.07.2026
00524/01/30;0;57;;;;Competitive;13.07.2026
00724/03/30;1;93;;;;Competitive;13.07.2026
00726/03/30;0;195;;;;Competitive;13.07.2026
00727/03/30;0;77;;;;Competitive;13.07.2026
00929/01/30;16;0;;;Dropped out;;13.07.2026
00929/02/30;38;0;;;Dropped out;;13.07.2026
00929/13/30;46;0;;;Dropped out;;13.07.2026
01204/09/70;0;0;15/09/2026;;New Phase 1;Vibes;13.07.2026
01204/09/72;0;0;15/09/2026;;New Phase 1;Vibes;13.07.2026
01400/38/72;0;37;;;;Neutral;13.07.2026
01402/28/72;0;9;31/08/2026;;;Vibes;13.07.2026
01403/28/70;0;40;;;;Vibes;13.07.2026
01404/24/70;0;0;15/09/2026;;New Phase 1;Vibes;13.07.2026
01404/24/72;0;0;15/09/2026;;New Phase 1;Vibes;13.07.2026
01406/28/70;0;0;31/08/2026;;New Phase 1;Vibes;13.07.2026
02404/01/30;0;500;;;;Competitive;13.07.2026
02405/26/30;1;0;;;Dropped out;;13.07.2026
02807/04/30;0;140;;;;Competitive;13.07.2026
02807/04/31;0;151;;;;Competitive;13.07.2026
03129/42/30;0;50;;;;Competitive;13.07.2026
03147/40/30;0;43;31/08/2026;10/08/2026;;Neutral;13.07.2026
03147/40/38;0;66;;14/07/2026;;Neutral;13.07.2026
03213/01/41;0;87;;14/07/2026;;Competitive;13.07.2026
03229/01/30;0;68;;14/07/2026;;Competitive;13.07.2026
03246/03/30;0;254;;;;Competitive;13.07.2026
03429/03/30;0;78;;;;Competitive;13.07.2026
03429/42/30;0;75;;;;Competitive;13.07.2026
03435/56/72;0;0;;;Liquidation;Neutral;13.07.2026
03447/03/30;0;38;;;;Neutral;13.07.2026
03447/03/38;0;103;;;;Neutral;13.07.2026
03447/52/30;0;76;;;;Neutral;13.07.2026
03447/52/38;0;104;;;;Neutral;13.07.2026
03450/03/02;0;58;;;;Neutral;13.07.2026
03516/01/30;3;0;;;Dropped out;;13.07.2026
03520/01/62;0;61;;14/07/2026;;Neutral;13.07.2026
03520/01/65;0;37;;;;Neutral;13.07.2026
03525/01/30;0;75;;;;Neutral;13.07.2026
03525/01/41;0;56;;;;Neutral;13.07.2026
03527/01/62;1;0;;;Dropped out;;13.07.2026
03529/81/30;0;38;;14/07/2026;;Competitive;13.07.2026
03530/01/30;1;0;;;Dropped out;;13.07.2026
03531/03/66;1;0;;;Dropped out;;13.07.2026
03546/03/30;0;500;;;;Neutral;13.07.2026
03547/40/30;0;215;;;;Neutral;13.07.2026
03547/40/38;0;26;;;;Neutral;13.07.2026
03548/50/41;0;53;;;;Neutral;13.07.2026
03548/52/41;0;224;;;;Neutral;13.07.2026
03617/01/30;1;63;;14/07/2026;;Competitive;13.07.2026
03649/03/15;0;137;;;;Competitive;13.07.2026
03649/03/96;0;31;;14/07/2026;;Competitive;13.07.2026
03703/10/30;0;48;;10/08/2026;;Competitive;13.07.2026
03703/10/31;0;175;;;;Competitive;13.07.2026
03717/01/30;0;55;;;;Competitive;13.07.2026
03725/01/30;0;46;;14/07/2026;;Neutral;13.07.2026
03725/01/41;0;58;;14/07/2026;;Neutral;13.07.2026
03729/81/30;0;53;;;;Competitive;13.07.2026
03745/24/02;0;162;;14/07/2026;;Competitive;13.07.2026
03745/24/30;0;167;;14/07/2026;;Competitive;13.07.2026
03745/24/31;1;262;;;;Competitive;13.07.2026
03745/25/30;0;91;;14/07/2026;New Phase 2;Essential;13.07.2026
03745/25/41;0;51;;14/07/2026;New Phase 2;Essential;13.07.2026
03746/03/30;0;291;;;;Neutral;13.07.2026
03747/60/30;0;21;;10/08/2026;;Neutral;13.07.2026
03747/60/38;0;75;;;;Neutral;13.07.2026
03749/03/15;0;130;;;;Competitive;13.07.2026
03749/03/96;0;291;;;;Competitive;13.07.2026
03750/81/30;0;43;;;;Neutral;13.07.2026
03751/02/15;0;72;;;;Vibes;13.07.2026
03751/02/96;0;57;;;;Vibes;13.07.2026
03752/21/30;0;89;;14/07/2026;;Essential;13.07.2026
03752/21/41;0;55;;14/07/2026;;Essential;13.07.2026
03843/36/72;0;24;;;Liquidation;Competitive;13.07.2026
03843/50/30;0;0;;;Liquidation;Competitive;13.07.2026
03843/50/72;0;0;;;Liquidation;Competitive;13.07.2026
03843/80/30;0;0;;;Liquidation;Competitive;13.07.2026
03843/80/72;0;0;;;Liquidation;Competitive;13.07.2026
03844/01/30;0;91;;;Liquidation;Competitive;13.07.2026
03844/01/72;0;22;;;Liquidation;Competitive;13.07.2026
03845/81/30;0;70;;;;Competitive;13.07.2026
03845/81/72;0;45;;;;Competitive;13.07.2026
04116/06/02;0;149;;;;Competitive;13.07.2026
04116/06/30;0;195;;;;Competitive;13.07.2026
04202/01/30;0;82;;;;Competitive;13.07.2026
04202/02/30;0;67;;;;Competitive;13.07.2026
04203/01/30;0;49;30/09/2026;;;Competitive;13.07.2026
04209/12/30;0;500;;;;Competitive;13.07.2026
04210/08/02;2;0;;;Dropped out;;13.07.2026
04210/08/30;0;143;;;;Competitive;13.07.2026
04210/13/02;0;209;;;;Competitive;13.07.2026
04210/13/30;0;231;;;;Competitive;13.07.2026
04211/01/30;0;115;;;;Competitive;13.07.2026
04211/01/31;0;76;;;;Competitive;13.07.2026
04211/01/36;0;143;;;;Competitive;13.07.2026
04212/12/30;0;0;;;Liquidation;Neutral;13.07.2026
04212/18/30;0;61;;;;Neutral;13.07.2026
04213/10/30;0;34;;;;Neutral;13.07.2026
04215/01/02;0;121;;;;Neutral;13.07.2026
04215/01/30;0;313;;;;Neutral;13.07.2026
05157/45/72;0;75;;27/07/2026;New Phase 2;Essential;13.07.2026
05158/01/41;0;0;31/08/2026;;New Phase 2;Essential;13.07.2026
05233/01/30;1;210;;;;Competitive;13.07.2026
05241/01/30;2;0;;;Dropped out;;13.07.2026
05433/02/30;0;500;;;;Competitive;13.07.2026
05446/08/30;0;89;;;;Competitive;13.07.2026
05446/13/30;0;185;;;;Competitive;13.07.2026
05457/03/72;0;77;;;New Phase 2;Essential;13.07.2026
05457/13/72;0;79;;;New Phase 2;Essential;13.07.2026
05457/45/72;0;74;;27/07/2026;New Phase 2;Essential;13.07.2026
05457/60/72;0;75;;;New Phase 2;Essential;13.07.2026
05458/01/41;0;0;31/08/2026;;New Phase 2;Essential;13.07.2026
05458/02/41;0;0;15/09/2026;;New Phase 2;Essential;13.07.2026
05529/01/30;1;0;;;Dropped out;;13.07.2026
05538/01/02;0;0;;;Liquidation;Neutral;13.07.2026
05539/01/02;0;36;;;Liquidation;Neutral;13.07.2026
05545/06/66;0;135;;27/07/2026;;Competitive;13.07.2026
05545/06/99;0;117;;;;Competitive;13.07.2026
05548/01/61;0;21;;;;Neutral;13.07.2026
05549/01/41;0;85;;;;Neutral;13.07.2026
05549/01/55;0;89;;;;Neutral;13.07.2026
05550/10/61;0;87;;;;Neutral;13.07.2026
05550/20/61;0;122;;;;Neutral;13.07.2026
05551/01/61;0;55;;27/07/2026;;Neutral;13.07.2026
05552/01/61;0;55;;;;Neutral;13.07.2026
05553/81/36;0;160;;;;Competitive;13.07.2026
05553/81/73;0;30;;;;Competitive;13.07.2026
05554/09/02;0;65;;;;Premium;13.07.2026
05555/06/30;0;78;;;;Neutral;13.07.2026
05555/24/30;0;68;;;;Neutral;13.07.2026
05556/81/41;0;0;;27/07/2026;;Neutral;13.07.2026
05730/01/30;0;132;;;;Competitive;13.07.2026
05733/02/30;0;54;;;;Competitive;13.07.2026
05745/14/99;0;100;;;;Competitive;13.07.2026
05747/81/30;0;46;31/10/2026;;;Competitive;13.07.2026
05747/85/30;0;61;31/10/2026;;;Competitive;13.07.2026
05753/81/36;0;28;;;Liquidation;Competitive;13.07.2026
05753/81/73;0;98;;;;Competitive;13.07.2026
05910/10/30;4;0;;;Dropped out;;13.07.2026
06218/01/30;0;176;;;;Competitive;13.07.2026
06218/01/31;0;216;;;;Competitive;13.07.2026
06424/04/73;0;106;;;;Competitive;13.07.2026
06428/01/31;0;54;;;;Essential;13.07.2026
06430/03/38;0;0;30/09/2026;;New Phase 1;Essential;13.07.2026
06430/45/38;0;0;30/09/2026;;New Phase 1;Essential;13.07.2026
06502/81/31;10;0;;;Dropped out;;13.07.2026
06524/01/73;0;8;;;;Competitive;13.07.2026
06525/81/70;0;53;;;;Neutral;13.07.2026
06526/81/70;0;43;;10/08/2026;;Neutral;13.07.2026
06527/01/33;0;96;;;;Competitive;13.07.2026
06527/01/38;0;30;;10/08/2026;;Competitive;13.07.2026
06527/01/55;0;128;;;;Competitive;13.07.2026
06528/28/31;0;50;;;;Essential;13.07.2026
06528/41/31;0;53;;;;Essential;13.07.2026
06528/50/31;0;52;;;;Essential;13.07.2026
06529/08/31;0;291;;;;Essential;13.07.2026
06529/15/31;0;201;;;;Essential;13.07.2026
06531/16/70;0;0;30/09/2026;;New Phase 1;Essential;13.07.2026
06531/16/72;0;0;30/09/2026;;New Phase 1;Essential;13.07.2026
06533/03/30;0;0;30/09/2026;;New Phase 1;Essential;13.07.2026
06533/03/72;0;0;30/09/2026;;New Phase 1;Essential;13.07.2026
06800/03/31;0;80;;;;Competitive;13.07.2026
06801/01/30;0;123;;;;Competitive;13.07.2026
06801/01/97;3;0;;;Dropped out;;13.07.2026
06802/01/30;0;500;;;;Competitive;13.07.2026
06802/01/43;0;240;;;;Competitive;13.07.2026
06822/37/30;0;68;;;;Competitive;13.07.2026
06822/37/41;0;28;;;;Competitive;13.07.2026
06822/62/30;0;72;;;;Competitive;13.07.2026
06822/62/41;0;15;;;;Competitive;13.07.2026
07105/18/31;0;500;;;;Competitive;13.07.2026
07106/18/31;0;302;;;;Competitive;13.07.2026
07120/22/30;0;284;;;;Competitive;13.07.2026
07121/24/30;0;0;;10/08/2026;;Essential;13.07.2026
07121/36/30;0;155;;;;Essential;13.07.2026
07122/20/41;0;0;15/09/2026;;New Phase 1;Essential;13.07.2026
07122/30/41;0;0;15/09/2026;;New Phase 1;Essential;13.07.2026
07122/40/41;0;0;15/09/2026;;New Phase 1;Essential;13.07.2026
07903/09/99;37;0;;;Dropped out;;13.07.2026
08109/01/30;3;500;30/09/2026;31/08/2026;;Competitive;13.07.2026
08109/01/31;4;495;;;;Competitive;13.07.2026
08109/02/30;0;224;15/10/2026;31/08/2026;;Competitive;13.07.2026
08109/02/31;0;246;;;;Competitive;13.07.2026
08124/01/30;0;90;;;;Competitive;13.07.2026
08208/01/30;0;145;;31/08/2026;;Competitive;13.07.2026
08208/01/31;0;171;;;;Competitive;13.07.2026
08224/01/30;5;169;;;;Competitive;13.07.2026
08227/01/35;0;110;;;;Competitive;13.07.2026
08227/01/66;0;73;;31/08/2026;;Competitive;13.07.2026
08408/01/30;0;251;;;;Competitive;13.07.2026
08408/03/30;0;37;30/09/2026;;;Competitive;13.07.2026
08408/05/30;0;147;30/09/2026;;;Competitive;13.07.2026
08408/07/30;1;54;30/09/2026;;;Competitive;13.07.2026
08408/10/30;0;79;15/10/2026;;;Competitive;13.07.2026
08424/01/30;0;113;;;;Competitive;13.07.2026
08426/01/02;0;100;;31/08/2026;;Competitive;13.07.2026
08426/01/30;0;64;30/09/2026;31/08/2026;;Competitive;13.07.2026
08524/01/30;3;34;;;;Competitive;13.07.2026
08526/01/30;1;0;;;Dropped out;;13.07.2026
08724/03/30;0;65;;;;Competitive;13.07.2026
08927/01/35;11;0;;;Dropped out;;13.07.2026
08927/01/66;10;72;;;;Competitive;13.07.2026
08927/02/66;20;0;;;Dropped out;;13.07.2026
09100/01/30;0;495;15/10/2026;;;Competitive;13.07.2026
09100/01/31;0;165;15/10/2026;03/08/2026;;Competitive;13.07.2026
09101/01/30;0;165;15/10/2026;;;Competitive;13.07.2026
09101/01/31;0;426;;;;Competitive;13.07.2026
09101/02/12;41;0;;;Dropped out;;13.07.2026
09101/02/30;0;134;;;;Competitive;13.07.2026
09101/02/31;0;179;;;;Competitive;13.07.2026
09119/06/30;0;126;;;;Competitive;13.07.2026
09119/06/31;0;86;;;;Competitive;13.07.2026
09119/11/30;0;149;;;;Competitive;13.07.2026
09119/11/31;0;134;;;;Competitive;13.07.2026
09119/16/30;1;118;;;;Competitive;13.07.2026
09119/16/31;0;78;;;;Competitive;13.07.2026
09119/21/30;0;106;;;;Competitive;13.07.2026
09119/21/31;0;75;;;;Competitive;13.07.2026
09201/01/30;0;389;;;;Competitive;13.07.2026
09201/01/31;0;366;;;;Competitive;13.07.2026
09216/02/41;0;58;;;;Essential;13.07.2026
09216/02/96;0;38;;;;Essential;13.07.2026
09217/04/02;0;128;;;;Competitive;13.07.2026
09217/04/30;0;310;;;;Competitive;13.07.2026
09217/04/31;0;134;15/10/2026;31/08/2026;;Competitive;13.07.2026
09217/04/36;0;178;;;;Competitive;13.07.2026
09217/04/97;0;40;;03/08/2026;;Competitive;13.07.2026
09218/04/02;0;221;03/08/2026;27/07/2026;;Competitive;13.07.2026
09218/04/30;0;189;15/09/2026;03/08/2026;;Competitive;13.07.2026
09218/04/31;0;104;15/10/2026;03/08/2026;;Competitive;13.07.2026
09218/04/36;0;193;;;;Competitive;13.07.2026
09218/04/97;0;152;15/09/2026;;;Competitive;13.07.2026
09233/01/30;0;91;;;;Competitive;13.07.2026
09233/01/31;0;500;;;;Competitive;13.07.2026
09239/02/30;0;87;15/10/2026;;;Competitive;13.07.2026
09239/11/30;0;159;03/08/2026;27/07/2026;;Competitive;13.07.2026
09239/11/31;0;53;31/08/2026;27/07/2026;;Competitive;13.07.2026
09240/01/02;0;93;10/08/2026;27/07/2026;;Competitive;13.07.2026
09240/01/30;0;102;03/08/2026;15/07/2026;;Competitive;13.07.2026
09240/01/31;0;73;03/08/2026;15/07/2026;;Competitive;13.07.2026
09242/02/30;0;65;03/08/2026;15/07/2026;;Competitive;13.07.2026
09242/02/31;0;63;;03/08/2026;;Competitive;13.07.2026
09243/01/15;0;122;;;;Competitive;13.07.2026
09243/01/97;0;86;;;;Competitive;13.07.2026
09243/02/15;0;139;;;;Competitive;13.07.2026
09243/02/97;0;98;15/10/2026;;;Competitive;13.07.2026
09434/04/31;0;0;;;Liquidation;Neutral;13.07.2026
09437/01/30;0;0;15/10/2026;;;Competitive;13.07.2026
09539/01/30;0;73;15/10/2026;;;Competitive;13.07.2026
09539/01/31;0;61;;;;Competitive;13.07.2026
09739/02/30;0;62;15/10/2026;;;Competitive;13.07.2026
09739/02/31;0;78;;;;Competitive;13.07.2026
09831/01/30;0;105;;;;Competitive;13.07.2026
09831/01/31;0;83;;;;Competitive;13.07.2026
09831/02/30;0;149;;;;Competitive;13.07.2026
09831/02/31;0;106;;;;Competitive;13.07.2026
09832/01/30;0;115;15/10/2026;;;Competitive;13.07.2026
09832/01/31;0;31;;03/08/2026;;Competitive;13.07.2026
09912/05/31;0;118;15/10/2026;;;Competitive;13.07.2026
09913/05/36;5;0;;;Dropped out;;13.07.2026
09915/06/31;0;500;;;;Competitive;13.07.2026
09915/06/36;0;495;;;;Competitive;13.07.2026
09916/06/31;8;0;;;Dropped out;;13.07.2026
09916/06/36;3;0;;;Dropped out;;13.07.2026
09921/12/30;0;117;;;;Competitive;13.07.2026
09921/12/31;0;93;;;;Competitive;13.07.2026
09922/12/30;0;45;;;;Competitive;13.07.2026
09922/12/31;0;249;;;;Competitive;13.07.2026
09923/01/30;0;278;;;;Competitive;13.07.2026
09923/01/31;0;176;10/08/2026;03/08/2026;;Competitive;13.07.2026
09924/01/30;0;176;;;;Competitive;13.07.2026
09924/01/31;0;57;;27/07/2026;;Competitive;13.07.2026
09925/01/30;0;207;;;;Competitive;13.07.2026
09925/01/31;0;364;;;;Neutral;13.07.2026
09925/02/30;0;117;;;;Competitive;13.07.2026
09925/02/31;1;12;;;;Neutral;13.07.2026
09926/01/30;0;326;;;;Competitive;13.07.2026
09926/02/30;0;31;;;;Competitive;13.07.2026
09928/05/30;0;19;;;;Competitive;13.07.2026
09929/05/02;0;240;;;;Competitive;13.07.2026
09929/05/30;0;94;;27/07/2026;;Competitive;13.07.2026
09929/05/31;0;61;03/08/2026;27/07/2026;;Competitive;13.07.2026
09929/06/02;0;115;;;;Competitive;13.07.2026
09929/06/30;0;30;;31/08/2026;;Competitive;13.07.2026
09929/06/31;0;84;;;;Competitive;13.07.2026
09929/10/02;0;350;;;;Competitive;13.07.2026
09929/10/30;0;69;03/08/2026;27/07/2026;;Competitive;13.07.2026
09929/10/31;0;75;;03/08/2026;;Competitive;13.07.2026
09929/15/02;0;228;;;;Competitive;13.07.2026
09929/15/30;0;44;;27/07/2026;;Competitive;13.07.2026
09929/15/31;0;53;;27/07/2026;;Competitive;13.07.2026
09929/20/02;0;383;;;;Competitive;13.07.2026
09929/20/30;0;4;;27/07/2026;;Competitive;13.07.2026
09929/20/31;0;30;;27/07/2026;;Competitive;13.07.2026
09930/05/30;0;35;;27/07/2026;;Competitive;13.07.2026
09930/05/31;0;81;;;;Competitive;13.07.2026
09930/10/30;0;111;;;;Competitive;13.07.2026
09930/10/31;0;101;15/10/2026;;;Competitive;13.07.2026
09930/15/30;0;69;;;;Competitive;13.07.2026
09930/15/31;0;68;;;;Competitive;13.07.2026
09930/20/30;0;54;;;;Competitive;13.07.2026
09930/20/31;0;45;;;;Competitive;13.07.2026
09931/02/30;3;0;;;Dropped out;;13.07.2026
09932/01/30;2;0;;;Dropped out;;13.07.2026
09932/01/31;1;0;;;Dropped out;;13.07.2026
09932/11/30;10;0;;;Dropped out;;13.07.2026
09932/11/31;1;0;;;Dropped out;;13.07.2026
09935/01/30;0;75;;;;Competitive;13.07.2026
09935/01/31;0;85;;;;Competitive;13.07.2026
09935/02/30;0;62;;;;Competitive;13.07.2026
09935/02/31;0;2;;;;Competitive;13.07.2026
09939/01/30;0;77;31/08/2026;27/07/2026;;Competitive;13.07.2026
09939/01/31;0;135;;31/08/2026;;Competitive;13.07.2026
09939/02/30;0;170;;;;Competitive;13.07.2026
09939/02/31;0;134;;27/07/2026;;Competitive;13.07.2026
09939/14/30;0;133;;;;Competitive;13.07.2026
09939/14/31;0;56;31/08/2026;27/07/2026;;Competitive;13.07.2026
09942/01/02;0;202;;;;Competitive;13.07.2026
09942/01/30;0;279;;;;Competitive;13.07.2026
09942/01/97;0;71;15/10/2026;;;Competitive;13.07.2026
09942/12/02;0;195;;;;Competitive;13.07.2026
09942/12/30;0;237;;;;Competitive;13.07.2026
09942/12/97;0;101;;;;Competitive;13.07.2026
09942/13/02;0;217;;;;Competitive;13.07.2026
09942/13/30;0;99;15/10/2026;;;Competitive;13.07.2026
09942/13/97;0;84;;;;Competitive;13.07.2026
09943/06/41;0;50;;15/07/2026;;Essential;13.07.2026
09943/06/97;0;36;;15/07/2026;;Essential;13.07.2026
09943/08/41;0;87;;;;Essential;13.07.2026
09943/08/97;0;81;;;;Essential;13.07.2026
09944/01/30;0;72;;15/07/2026;New Phase 2;Essential;13.07.2026
09944/01/31;0;74;;15/07/2026;New Phase 2;Essential;13.07.2026
09944/01/97;0;71;;15/07/2026;New Phase 2;Essential;13.07.2026
09945/01/30;0;63;;15/07/2026;New Phase 2;Essential;13.07.2026
09945/01/31;0;63;;15/07/2026;New Phase 2;Essential;13.07.2026
09945/01/97;0;63;;15/07/2026;New Phase 2;Essential;13.07.2026
09950/00/30;0;180;15/10/2026;;;Competitive;13.07.2026
09950/00/31;0;42;;27/07/2026;;Competitive;13.07.2026
09950/00/41;0;0;;;New Phase 1;Essential;13.07.2026
09950/01/30;0;500;15/10/2026;;;Competitive;13.07.2026
09950/01/31;0;341;;10/08/2026;;Competitive;13.07.2026
09950/01/41;0;0;;;New Phase 1;Essential;13.07.2026
09950/02/30;0;224;;;;Competitive;13.07.2026
09950/02/31;0;229;;;;Competitive;13.07.2026
09950/02/41;0;0;;;New Phase 1;Essential;13.07.2026
09950/03/30;0;107;31/08/2026;27/07/2026;;Competitive;13.07.2026
09950/03/31;0;144;;;;Competitive;13.07.2026
09950/03/41;0;0;;;New Phase 1;Essential;13.07.2026
09950/04/30;0;143;;;;Competitive;13.07.2026
09950/04/31;0;41;31/08/2026;27/07/2026;;Competitive;13.07.2026
09950/04/41;0;0;;;New Phase 1;Essential;13.07.2026
09950/05/30;0;157;;;;Competitive;13.07.2026
09950/05/31;0;86;;;;Competitive;13.07.2026
09950/05/41;0;0;;;New Phase 1;Essential;13.07.2026
09950/06/30;0;188;15/10/2026;27/07/2026;;Competitive;13.07.2026
09950/06/31;0;98;;10/08/2026;;Competitive;13.07.2026
09950/06/41;0;0;;;New Phase 1;Essential;13.07.2026
09950/07/30;0;287;;;;Competitive;13.07.2026
09950/07/31;0;153;;;;Competitive;13.07.2026
09950/07/41;0;0;;;New Phase 1;Essential;13.07.2026
09950/08/30;0;204;;;;Competitive;13.07.2026
09950/08/31;0;163;;;;Competitive;13.07.2026
09950/08/41;0;0;;;New Phase 1;Essential;13.07.2026
09950/09/30;0;96;;27/07/2026;;Competitive;13.07.2026
09950/09/31;0;129;;;;Competitive;13.07.2026
09950/09/41;0;0;;;New Phase 1;Essential;13.07.2026
09950/10/30;0;105;15/10/2026;27/07/2026;;Competitive;13.07.2026
09950/10/31;0;137;;;;Competitive;13.07.2026
09950/10/41;0;0;;;New Phase 1;Essential;13.07.2026
09950/11/30;0;114;15/10/2026;03/08/2026;;Competitive;13.07.2026
09950/11/31;0;113;;;;Competitive;13.07.2026
09950/11/41;0;0;;;New Phase 1;Essential;13.07.2026
09950/13/30;0;59;;;;Competitive;13.07.2026
09950/13/31;0;40;;;;Competitive;13.07.2026
09950/13/41;0;0;;;New Phase 1;Essential;13.07.2026
09950/20/31;0;66;;;;Competitive;13.07.2026
09951/01/30;0;398;15/09/2026;27/07/2026;;Competitive;13.07.2026
09951/01/31;0;190;15/09/2026;10/08/2026;;Competitive;13.07.2026
09951/01/41;0;0;;;New Phase 1;Essential;13.07.2026
09952/01/30;0;181;;;;Competitive;13.07.2026
09952/01/31;0;123;15/10/2026;;;Competitive;13.07.2026
09953/01/30;0;67;;27/07/2026;;Competitive;13.07.2026
09953/01/31;0;87;;;;Competitive;13.07.2026
09954/01/30;0;103;;;;Competitive;13.07.2026
09954/01/31;0;84;;;;Competitive;13.07.2026
09955/01/02;0;103;15/10/2026;;;Competitive;13.07.2026
09955/01/30;0;201;15/10/2026;31/08/2026;;Competitive;13.07.2026
09955/01/31;0;125;;;;Competitive;13.07.2026
09955/01/41;0;0;;;New Phase 1;Essential;13.07.2026
09956/01/30;0;96;;;;Competitive;13.07.2026
09956/01/31;0;64;;;;Competitive;13.07.2026
09957/01/30;0;191;;;;Competitive;13.07.2026
09957/01/31;0;109;;;;Competitive;13.07.2026
09957/01/41;0;0;;;New Phase 1;Essential;13.07.2026
09958/01/02;0;379;;;;Competitive;13.07.2026
09959/30/61;0;141;;;;Competitive;13.07.2026
09959/30/65;0;120;;;;Competitive;13.07.2026
09959/31/61;0;137;;;;Competitive;13.07.2026
09960/01/02;0;155;;;;Competitive;13.07.2026
09960/01/30;0;157;15/09/2026;31/08/2026;;Competitive;13.07.2026
09960/01/31;0;500;;;;Competitive;13.07.2026
09960/01/41;0;0;;;New Phase 1;Essential;13.07.2026
09960/01/97;0;217;;;;Competitive;13.07.2026
09961/01/30;0;127;;;;Competitive;13.07.2026
09961/01/31;0;111;;;;Competitive;13.07.2026
09961/01/41;0;0;;;New Phase 1;Essential;13.07.2026
09961/01/97;0;101;;;;Competitive;13.07.2026
09962/01/30;0;80;;;New Phase 2;Essential;13.07.2026
09962/01/31;0;81;;;New Phase 2;Essential;13.07.2026
09962/01/41;0;0;;;New Phase 1;Essential;13.07.2026
09962/01/97;0;81;;;New Phase 2;Essential;13.07.2026
10120/32/72;0;37;;;;Neutral;13.07.2026
10121/30/30;0;192;;;;Competitive;13.07.2026
10125/30/41;0;343;;10/08/2026;;Neutral;13.07.2026
10125/30/53;0;52;15/10/2026;;;Neutral;13.07.2026
10202/01/30;0;202;31/08/2026;10/08/2026;;Competitive;13.07.2026
10220/01/72;0;172;;;;Neutral;13.07.2026
10402/01/30;0;213;30/09/2026;10/08/2026;;Competitive;13.07.2026
10409/01/33;0;62;;;;Competitive;13.07.2026
10409/01/35;0;40;;;;Competitive;13.07.2026
10409/01/66;0;60;;10/08/2026;;Competitive;13.07.2026
10413/03/72;0;81;15/10/2026;;;Competitive;13.07.2026
10413/50/72;0;72;;;;Competitive;13.07.2026
10413/70/72;0;98;;;;Competitive;13.07.2026
10416/01/33;0;9;;;Liquidation;Competitive;13.07.2026
10420/03/72;0;30;;;;Neutral;13.07.2026
10420/32/72;0;0;;;;Neutral;13.07.2026
10421/13/30;0;243;;;;Competitive;13.07.2026
10421/30/30;0;0;;;Liquidation;Competitive;13.07.2026
10421/30/36;0;0;;;Liquidation;Competitive;13.07.2026
10421/30/66;0;248;;;;Competitive;13.07.2026
10421/30/73;0;0;;;Liquidation;Competitive;13.07.2026
10423/30/02;0;92;;;;Competitive;13.07.2026
10423/30/30;0;192;;;;Competitive;13.07.2026
10423/40/02;0;79;;;;Competitive;13.07.2026
10423/40/30;0;215;;;;Competitive;13.07.2026
10450/47/30;0;50;;;;Premium;13.07.2026
10450/47/43;0;73;;;;Premium;13.07.2026
10500/81/34;0;92;;;;Competitive;13.07.2026
10500/81/43;0;74;;;;Competitive;13.07.2026
10500/81/66;0;165;;;;Competitive;13.07.2026
10501/81/30;1;77;;;;Competitive;13.07.2026
10501/81/37;0;176;;;;Competitive;13.07.2026
10502/81/30;0;32;;10/08/2026;;Competitive;13.07.2026
10503/81/30;0;65;;;;Competitive;13.07.2026
10505/81/02;0;83;;;;Competitive;13.07.2026
10505/81/30;0;229;;;;Competitive;13.07.2026
10506/81/02;0;56;;;;Competitive;13.07.2026
10508/01/33;0;55;;;;Competitive;13.07.2026
10508/01/35;0;82;;;;Competitive;13.07.2026
10508/01/66;0;58;;10/08/2026;;Competitive;13.07.2026
10509/81/33;1;61;;;;Competitive;13.07.2026
10509/81/35;0;54;;;;Competitive;13.07.2026
10509/81/66;0;73;;;;Competitive;13.07.2026
10513/40/72;0;208;;;;Competitive;13.07.2026
10514/01/53;0;222;;;;Neutral;13.07.2026
10514/01/61;0;103;;;;Neutral;13.07.2026
10514/01/65;0;199;;;;Neutral;13.07.2026
10516/01/33;0;38;15/10/2026;;;Competitive;13.07.2026
10516/01/38;0;165;15/10/2026;;;Competitive;13.07.2026
10516/01/44;0;116;;10/08/2026;;Competitive;13.07.2026
10516/01/66;0;169;;;;Competitive;13.07.2026
10519/81/30;0;71;;10/08/2026;;Neutral;13.07.2026
10519/81/33;0;255;;;;Neutral;13.07.2026
10519/81/44;0;63;15/10/2026;;;Neutral;13.07.2026
10519/81/53;0;43;;10/08/2026;;Neutral;13.07.2026
10523/01/02;0;126;;;;Competitive;13.07.2026
10523/01/30;0;247;;;;Competitive;13.07.2026
10525/01/41;0;84;;10/08/2026;;Neutral;13.07.2026
10525/01/53;0;121;;10/08/2026;;Neutral;13.07.2026
10525/30/41;0;46;;;;Neutral;13.07.2026
10525/30/53;0;42;;;;Neutral;13.07.2026
10526/01/70;0;49;30/09/2026;;;Neutral;13.07.2026
10527/01/10;0;104;;;;Essential;13.07.2026
10527/01/14;0;106;;;;Essential;13.07.2026
10527/01/35;0;108;;;;Essential;13.07.2026
10527/01/66;0;104;;;;Essential;13.07.2026
10550/81/30;0;63;;;;Premium;13.07.2026
10550/81/43;0;44;;;;Premium;13.07.2026
10550/81/73;0;77;;;;Premium;13.07.2026
10551/81/73;0;56;;;;Premium;13.07.2026
10552/81/73;0;52;;;;Premium;13.07.2026
10553/81/73;0;29;;;;Premium;13.07.2026
10702/81/30;0;96;;;;Competitive;13.07.2026
10706/81/02;0;51;;;;Competitive;13.07.2026
10713/28/72;0;124;;;;Competitive;13.07.2026
10719/81/30;0;53;;;;Neutral;13.07.2026
10719/81/33;0;137;;;;Neutral;13.07.2026
10719/81/44;0;44;;;;Neutral;13.07.2026
10719/81/53;0;47;;;;Neutral;13.07.2026
10723/01/02;0;0;;;Liquidation;Competitive;13.07.2026
10723/01/30;0;97;;;;Competitive;13.07.2026
10725/01/41;0;82;;;;Neutral;13.07.2026
10725/01/53;0;80;;;;Neutral;13.07.2026
11800/01/30;0;111;;;;Competitive;13.07.2026
11801/01/30;1;159;;;;Competitive;13.07.2026
11811/01/30;0;277;;;;Competitive;13.07.2026
11812/01/30;0;180;;;;Competitive;13.07.2026
11812/01/31;0;500;;;;Competitive;13.07.2026
11839/01/30;0;72;;;;Essential;13.07.2026
11839/02/30;0;73;;;;Essential;13.07.2026
11840/01/30;0;66;;;;Essential;13.07.2026
11840/02/30;0;68;;;;Essential;13.07.2026
11841/01/30;0;0;30/09/2026;;;Essential;13.07.2026
11870/01/97;0;0;;;;Competitive;13.07.2026
11871/01/30;0;144;;;;Competitive;13.07.2026
11871/01/97;0;110;;;;Competitive;13.07.2026
11872/01/30;0;143;;;;Competitive;13.07.2026
11872/01/97;0;68;;;;Competitive;13.07.2026
11873/01/30;0;80;;;;Competitive;13.07.2026
11873/01/97;0;81;31/10/2026;;;Competitive;13.07.2026
11874/01/12;3;0;;;Dropped out;;13.07.2026
11891/20/02;0;142;;;;Competitive;13.07.2026
11891/20/30;0;77;;;;Competitive;13.07.2026
11903/05/30;8;0;;;Liquidation;Competitive;13.07.2026
11903/05/31;0;156;;;;Competitive;13.07.2026
11903/10/30;4;0;;;Liquidation;Competitive;13.07.2026
11903/10/31;0;33;;;;Competitive;13.07.2026
11903/15/30;0;217;;;;Competitive;13.07.2026
11903/20/31;1;0;;;Dropped out;;13.07.2026
12200/60/30;0;61;;;;Neutral;13.07.2026
12200/90/30;0;44;15/09/2026;;;Neutral;13.07.2026
12201/60/30;0;36;15/09/2026;;;Neutral;13.07.2026
12201/90/30;0;54;30/09/2026;;;Neutral;13.07.2026
12219/02/02;0;140;;;;Competitive;13.07.2026
12219/02/30;0;325;;;;Competitive;13.07.2026
12219/02/31;0;194;;;;Competitive;13.07.2026
12222/02/30;0;251;;;;Competitive;13.07.2026
12561/21/12;0;66;;03/08/2026;;Competitive;13.07.2026
13135/01/31;0;302;;;;Neutral;13.07.2026
13294/04/62;0;0;;;New Phase 1;Premium;13.07.2026
13435/01/31;0;250;;;;Neutral;13.07.2026
13435/03/31;1;91;;;;Neutral;13.07.2026
13451/03/31;0;0;;27/07/2026;;Neutral;13.07.2026
13451/25/31;0;46;;;;Neutral;13.07.2026
13452/01/31;0;64;;21/08/2026;;Neutral;13.07.2026
13452/04/31;0;156;;21/08/2026;;Competitive;13.07.2026
13452/08/31;0;37;;;;Neutral;13.07.2026
13493/68/38;0;34;;;;Premium;13.07.2026
13493/68/96;0;23;;;;Premium;13.07.2026
13494/04/60;0;235;;;;Premium;13.07.2026
13494/04/62;0;108;30/09/2026;;;Premium;13.07.2026
13494/10/62;0;0;31/08/2026;;New Phase 1;Premium;13.07.2026
13494/11/60;0;33;;;;Premium;13.07.2026
13494/11/62;0;60;30/09/2026;;;Premium;13.07.2026
13494/18/60;0;106;;;;Premium;13.07.2026
13494/18/62;0;71;31/08/2026;;;Premium;13.07.2026
13494/19/62;0;0;31/08/2026;;New Phase 1;Premium;13.07.2026
13494/27/62;0;0;15/09/2026;;New Phase 1;Premium;13.07.2026
13494/29/60;0;96;;;;Premium;13.07.2026
13494/29/62;0;99;30/09/2026;;;Premium;13.07.2026
13494/41/62;0;0;15/09/2026;;New Phase 1;Premium;13.07.2026
13494/44/60;0;40;;;;Premium;13.07.2026
13494/44/62;0;41;15/09/2026;;;Premium;13.07.2026
13496/07/02;0;60;;;;Neutral;13.07.2026
13496/07/30;0;48;;;;Neutral;13.07.2026
13496/21/02;0;39;;;;Neutral;13.07.2026
13496/21/30;0;49;;;;Neutral;13.07.2026
13496/35/02;0;32;;;;Neutral;13.07.2026
13496/35/30;0;46;;;;Neutral;13.07.2026
13496/36/02;0;31;;;;Neutral;13.07.2026
13496/36/30;0;31;;;;Neutral;13.07.2026
13498/24/30;0;32;;;;Neutral;13.07.2026
13498/25/30;0;24;;;Liquidation;Neutral;13.07.2026
13499/04/60;0;111;;;;Neutral;13.07.2026
13499/12/60;0;46;;;;Neutral;13.07.2026
13499/13/60;0;63;;;;Neutral;13.07.2026
13499/21/60;0;94;;;;Neutral;13.07.2026
13499/22/60;0;57;30/09/2026;;;Neutral;13.07.2026
13500/03/65;0;272;;;;Competitive;13.07.2026
13533/81/10;0;73;;;;Competitive;13.07.2026
13533/81/30;0;58;;;;Competitive;13.07.2026
13534/30/31;2;0;;;Dropped out;;13.07.2026
13535/24/31;3;0;;;;Neutral;13.07.2026
13535/34/31;0;0;;;;Neutral;13.07.2026
13536/81/31;1;0;;;Dropped out;;13.07.2026
13541/14/31;0;139;;;;Competitive;13.07.2026
13541/18/31;0;136;;;;Competitive;13.07.2026
13542/30/31;0;79;;;;Competitive;13.07.2026
13543/40/31;0;125;;;;Competitive;13.07.2026
13544/45/36;0;172;;;;Neutral;13.07.2026
13544/50/36;0;223;;;;Neutral;13.07.2026
13544/54/36;0;196;;;;Neutral;13.07.2026
13553/44/31;0;131;;;;Neutral;13.07.2026
13594/04/60;0;256;;;;Premium;13.07.2026
13594/04/62;0;81;;;;Premium;13.07.2026
13594/10/62;0;75;;;;Premium;13.07.2026
13599/01/60;0;500;30/09/2026;;;Neutral;13.07.2026
13599/02/60;0;500;30/09/2026;;;Neutral;13.07.2026
13599/11/60;0;350;;;;Neutral;13.07.2026
13794/10/62;0;0;;;New Phase 1;Premium;13.07.2026
13815/02/99;0;107;;;;Competitive;13.07.2026
13816/02/02;0;262;;;;Competitive;13.07.2026
13816/02/30;0;500;;;;Competitive;13.07.2026
13816/02/33;0;46;;;;Competitive;13.07.2026
13955/01/30;0;399;;;;Competitive;13.07.2026
13955/02/30;0;198;;;;Competitive;13.07.2026
13955/03/30;0;94;;;;Competitive;13.07.2026
13955/04/30;0;269;;;;Competitive;13.07.2026
13955/05/03;23;0;;;Dropped out;;13.07.2026
13955/05/12;0;500;;;;Competitive;13.07.2026
13955/05/31;5;0;;;Dropped out;;13.07.2026
13955/10/03;4;0;;;Dropped out;;13.07.2026
13955/10/12;2;323;;;;Competitive;13.07.2026
13955/10/31;12;0;;;Dropped out;;13.07.2026
13955/14/03;10;0;;;Dropped out;;13.07.2026
13955/14/12;0;500;;;;Competitive;13.07.2026
13955/14/31;2;0;;;Dropped out;;13.07.2026
13955/20/12;0;208;;;;Competitive;13.07.2026
13958/01/30;0;66;31/10/2026;;;Competitive;13.07.2026
13958/01/31;0;171;;;;Competitive;13.07.2026
13958/02/30;0;153;;27/07/2026;;Competitive;13.07.2026
13958/02/31;0;0;31/08/2026;27/07/2026;;Competitive;13.07.2026
13958/04/30;0;145;31/10/2026;;;Competitive;13.07.2026
13958/04/31;0;1;31/10/2026;27/07/2026;;Competitive;13.07.2026
13958/13/30;0;41;31/10/2026;31/08/2026;;Competitive;13.07.2026
13958/13/31;0;73;31/08/2026;27/07/2026;;Competitive;13.07.2026
14825/01/30;0;95;;;;Competitive;13.07.2026
14825/02/30;0;63;;;;Competitive;13.07.2026
14827/01/30;0;0;;;Liquidation;Competitive;13.07.2026
14828/02/31;0;0;;;Liquidation;Competitive;13.07.2026
14863/01/12;4;0;;;Dropped out;;13.07.2026
14866/05/12;0;99;;;;Competitive;13.07.2026
14866/05/30;0;171;;;;Competitive;13.07.2026
14866/10/12;0;78;;;;Competitive;13.07.2026
14866/10/30;0;240;;;;Competitive;13.07.2026
14867/05/12;2;152;;;;Competitive;13.07.2026
14867/05/30;0;202;;;;Competitive;13.07.2026
14867/10/12;0;160;;;;Competitive;13.07.2026
14867/11/12;0;235;;;;Competitive;13.07.2026
14867/11/30;0;271;;;;Competitive;13.07.2026
14867/49/12;0;56;;;;Competitive;13.07.2026
14867/49/30;0;99;;;;Competitive;13.07.2026
14868/05/12;0;125;;;;Competitive;13.07.2026
14868/05/30;0;500;;;;Competitive;13.07.2026
14871/01/30;1;0;;;Dropped out;;13.07.2026
14881/05/30;0;95;;;;Competitive;13.07.2026
14881/05/31;0;341;;;;Competitive;13.07.2026
14881/70/30;0;82;31/10/2026;;;Competitive;13.07.2026
14881/70/31;0;86;;;;Competitive;13.07.2026
14892/01/30;3;0;;;Dropped out;;13.07.2026
14893/01/30;0;101;;;;Competitive;13.07.2026
14893/80/30;0;75;;;;Competitive;13.07.2026
14899/01/30;0;191;;;;Competitive;13.07.2026
14899/50/30;0;56;15/09/2026;;;Competitive;13.07.2026
15500/02/30;0;488;;;;Competitive;13.07.2026
15500/02/31;0;438;;;;Competitive;13.07.2026
15500/02/33;0;424;;;;Competitive;13.07.2026
15500/02/53;0;200;;;;Competitive;13.07.2026
15801/10/30;0;209;;;;Competitive;13.07.2026
15802/01/30;0;166;;03/08/2026;;Competitive;13.07.2026
15802/02/30;0;68;;;;Competitive;13.07.2026
15803/01/30;0;100;;;;Competitive;13.07.2026
15804/22/30;0;54;30/09/2026;03/08/2026;;Competitive;13.07.2026
15804/50/30;0;60;;;;Competitive;13.07.2026
15809/09/30;0;428;;;;Competitive;13.07.2026
15810/09/30;0;199;;;;Competitive;13.07.2026
15811/02/30;0;73;;;;Competitive;13.07.2026
15812/02/30;0;74;;;;Competitive;13.07.2026
15813/02/30;0;172;;;;Competitive;13.07.2026
15814/01/30;0;206;;;;Competitive;13.07.2026
15815/01/30;0;208;;;;Competitive;13.07.2026
15816/02/30;0;237;;;;Competitive;13.07.2026
15817/01/30;0;164;;;;Competitive;13.07.2026
15818/01/30;0;153;;;;Competitive;13.07.2026
15820/05/30;0;352;;;;Competitive;13.07.2026
15820/10/30;0;267;;;;Competitive;13.07.2026
15850/05/30;0;207;;;;Competitive;13.07.2026
15850/10/30;0;234;;;;Competitive;13.07.2026
16500/81/70;0;0;;;New Phase 1;Vibes;13.07.2026
16501/81/72;0;0;;;New Phase 1;Vibes;13.07.2026
16700/81/70;0;0;;;New Phase 1;Essential;13.07.2026
16701/81/72;0;0;;;New Phase 1;Vibes;13.07.2026
17207/08/31;13;0;;;Dropped out;;13.07.2026
17282/02/12;16;0;;;Dropped out;;13.07.2026
17282/02/31;16;0;;;Dropped out;;13.07.2026
17504/01/03;0;134;;;;Competitive;13.07.2026
17504/01/11;0;45;;;;Competitive;13.07.2026
17804/06/36;2;0;;;Dropped out;;13.07.2026
17906/05/12;2;0;;;Dropped out;;13.07.2026
17993/01/30;0;59;;;;Competitive;13.07.2026
17993/02/30;0;116;;;;Competitive;13.07.2026
17993/03/30;0;87;;;;Competitive;13.07.2026
17993/14/30;0;120;;;;Competitive;13.07.2026
17997/01/66;7;0;;;Dropped out;;13.07.2026
17998/05/30;0;500;;;;Competitive;13.07.2026
17998/10/30;0;397;;;;Competitive;13.07.2026
17998/15/30;0;454;;;;Competitive;13.07.2026
17999/01/30;0;500;;;;Competitive;13.07.2026
17999/02/30;0;453;;;;Competitive;13.07.2026
17999/03/30;0;500;;;;Competitive;13.07.2026
17999/14/30;0;201;;;;Competitive;13.07.2026
18256/03/30;1;88;;;;Competitive;13.07.2026
18293/03/30;0;96;;;;Competitive;13.07.2026
18293/03/31;2;119;;;;Competitive;13.07.2026
18650/03/30;1;418;;;;Competitive;13.07.2026
18650/03/31;0;72;15/10/2026;;;Competitive;13.07.2026
18656/03/30;0;160;;;;Competitive;13.07.2026
18660/05/31;3;0;;;Liquidation;Competitive;13.07.2026
18673/03/30;0;101;;;;Competitive;13.07.2026
18674/06/30;4;12;;;;Competitive;13.07.2026
18756/03/30;0;119;15/10/2026;;;Competitive;13.07.2026
19600/01/30;0;106;;21/08/2026;;Competitive;13.07.2026
19600/01/31;0;36;;21/08/2026;;Competitive;13.07.2026
19666/09/12;0;7;;;Liquidation;Neutral;13.07.2026
19700/01/31;0;40;;;;Competitive;13.07.2026
19730/10/02;0;0;;;Liquidation;Neutral;13.07.2026
19730/10/11;0;183;;;;Neutral;13.07.2026
19730/10/30;0;0;;;Liquidation;Neutral;13.07.2026
19730/10/31;0;159;;;;Neutral;13.07.2026
19790/81/30;0;176;;;;Neutral;13.07.2026
19791/20/02;0;106;;21/08/2026;;Competitive;13.07.2026
19791/20/30;0;132;;;;Competitive;13.07.2026
19791/20/31;0;138;;;;Competitive;13.07.2026
19791/24/02;0;116;;21/08/2026;;Competitive;13.07.2026
19791/24/12;1;150;;21/08/2026;;Competitive;13.07.2026
19791/24/30;0;300;;21/08/2026;;Competitive;13.07.2026
19792/24/03;0;301;;;;Competitive;13.07.2026
19792/24/12;2;479;;;;Competitive;13.07.2026
19792/24/30;0;344;;;;Competitive;13.07.2026
20416/01/65;1;0;;;Dropped out;;13.07.2026
20421/01/02;0;47;;;;Premium;13.07.2026
20421/01/36;0;41;;;;Premium;13.07.2026
20500/05/17;5;0;;;Dropped out;;13.07.2026
20710/01/30;0;0;;;Liquidation;Neutral;13.07.2026
21112/06/30;0;68;;;;Competitive;13.07.2026
21112/08/30;0;113;;;;Competitive;13.07.2026
21117/30/02;0;127;;;;Competitive;13.07.2026
21117/30/30;0;135;;;;Competitive;13.07.2026
21118/04/02;0;75;;;;Competitive;13.07.2026
21118/04/30;0;80;;;;Competitive;13.07.2026
21119/06/02;0;38;;;;Competitive;13.07.2026
21119/06/30;0;99;;;;Competitive;13.07.2026
21120/01/30;0;293;;;;Competitive;13.07.2026
21120/03/30;0;132;;;;Neutral;13.07.2026
21123/01/02;9;0;;;Dropped out;;13.07.2026
21123/02/02;39;0;;;Liquidation;Neutral;13.07.2026
21123/03/02;0;0;;;Liquidation;Neutral;13.07.2026
21123/45/02;0;211;;;;Competitive;13.07.2026
21128/25/02;0;89;;;;Competitive;13.07.2026
21128/25/30;0;59;;21/08/2026;;Competitive;13.07.2026
21128/40/02;0;339;;;;Competitive;13.07.2026
21128/40/30;0;297;;;;Competitive;13.07.2026
21129/40/30;0;95;;;;Competitive;13.07.2026
21133/01/30;0;140;31/10/2026;;;Competitive;13.07.2026
21134/26/30;0;87;;;;Competitive;13.07.2026
21135/01/38;0;63;;;;Neutral;13.07.2026
21139/01/31;0;42;;;;Neutral;13.07.2026
21221/01/30;0;471;;;;Competitive;13.07.2026
21222/01/30;2;0;;;Dropped out;;13.07.2026
21223/01/02;16;0;;;Dropped out;;13.07.2026
21225/01/30;2;55;;;;Competitive;13.07.2026
21229/18/30;0;70;;27/07/2026;;Competitive;13.07.2026
21234/01/30;0;97;;;;Competitive;13.07.2026
21241/02/62;0;0;31/08/2026;;New Phase 1;Vibes;13.07.2026
21251/02/41;0;0;31/10/2026;;New Phase 1;Vibes;13.07.2026
21251/02/96;0;0;31/10/2026;;New Phase 1;Vibes;13.07.2026
21415/25/30;0;153;;;;Competitive;13.07.2026
21415/25/31;0;59;;;;Competitive;13.07.2026
21417/03/02;0;114;;;;Competitive;13.07.2026
21417/32/02;0;42;;;;Competitive;13.07.2026
21417/32/30;0;50;;;;Competitive;13.07.2026
21417/65/02;0;51;;27/07/2026;;Competitive;13.07.2026
21417/65/30;0;36;31/10/2026;;;Competitive;13.07.2026
21417/99/30;0;30;;;;Competitive;13.07.2026
21421/06/30;2;280;;;;Competitive;13.07.2026
21421/10/30;2;42;;;;Competitive;13.07.2026
21423/45/02;0;0;;;Liquidation;Competitive;13.07.2026
21423/88/02;0;65;;;;Neutral;13.07.2026
21424/06/30;0;32;;27/07/2026;;Competitive;13.07.2026
21425/03/30;0;62;;;;Neutral;13.07.2026
21427/06/30;0;35;;;;Neutral;13.07.2026
21427/06/31;0;50;;;;Neutral;13.07.2026
21428/03/02;0;71;;;;Competitive;13.07.2026
21428/03/30;0;76;;;;Competitive;13.07.2026
21428/13/02;0;48;;;;Competitive;13.07.2026
21428/13/30;0;51;;;;Competitive;13.07.2026
21428/25/02;0;45;21/08/2026;27/07/2026;;Competitive;13.07.2026
21428/25/30;0;122;;;;Competitive;13.07.2026
21428/40/02;0;128;;;;Competitive;13.07.2026
21428/40/30;0;66;;;;Competitive;13.07.2026
21429/01/30;0;90;31/10/2026;;;Competitive;13.07.2026
21429/03/30;0;59;;;;Essential;13.07.2026
21430/03/61;0;0;;;Liquidation;Neutral;13.07.2026
21432/04/30;0;102;31/10/2026;27/07/2026;;Competitive;13.07.2026
21433/01/30;0;142;;27/07/2026;;Competitive;13.07.2026
21433/03/30;0;140;;;;Competitive;13.07.2026
21433/13/30;0;95;;27/07/2026;;Competitive;13.07.2026
21434/03/30;0;89;;;;Competitive;13.07.2026
21434/13/30;0;67;;;;Competitive;13.07.2026
21434/40/30;0;103;;;;Competitive;13.07.2026
21435/03/38;0;15;21/08/2026;27/07/2026;;Neutral;13.07.2026
21435/13/38;0;42;;;;Neutral;13.07.2026
21435/60/38;0;79;31/10/2026;27/07/2026;;Neutral;13.07.2026
21439/40/31;0;423;;;;Neutral;13.07.2026
21440/03/36;0;59;;;;Vibes;13.07.2026
21440/13/36;0;58;;;;Vibes;13.07.2026
21440/60/36;0;73;;;;Vibes;13.07.2026
21441/01/62;0;46;;;;Vibes;13.07.2026
21441/05/62;0;6;;21/08/2026;;Vibes;13.07.2026
21441/07/62;0;0;;27/07/2026;New Phase 1;Vibes;13.07.2026
21441/10/62;0;42;;;;Vibes;13.07.2026
21441/12/62;0;46;;;;Vibes;13.07.2026
21442/01/10;0;144;;27/07/2026;;Vibes;13.07.2026
21442/03/10;0;71;;;;Vibes;13.07.2026
21442/15/10;0;63;;;;Vibes;13.07.2026
21443/35/33;0;64;31/08/2026;21/08/2026;;Essential;13.07.2026
21443/35/66;0;60;;;;Essential;13.07.2026
21444/38/41;0;9;;21/08/2026;;Essential;13.07.2026
21445/40/30;0;126;;;;Essential;13.07.2026
21445/60/30;0;93;;;;Essential;13.07.2026
21446/03/41;0;29;;27/07/2026;;Essential;13.07.2026
21446/13/41;0;33;;27/07/2026;;Essential;13.07.2026
21446/25/41;0;57;21/08/2026;27/07/2026;;Essential;13.07.2026
21446/40/41;0;38;;27/07/2026;;Essential;13.07.2026
21447/08/96;0;0;31/08/2026;;New Phase 2;Vibes;13.07.2026
21448/01/96;0;0;;27/07/2026;New Phase 2;Vibes;13.07.2026
21448/02/96;0;0;;21/08/2026;New Phase 2;Vibes;13.07.2026
21448/03/96;0;0;;21/08/2026;New Phase 2;Vibes;13.07.2026
21449/40/30;0;61;;27/07/2026;New Phase 2;Essential;13.07.2026
21449/60/30;0;58;;27/07/2026;New Phase 2;Essential;13.07.2026
21450/03/96;0;0;31/08/2026;;New Phase 1;Vibes;13.07.2026
21450/13/96;0;0;31/08/2026;;New Phase 1;Vibes;13.07.2026
21450/40/96;0;0;31/08/2026;;New Phase 1;Vibes;13.07.2026
21450/60/96;0;0;31/08/2026;21/08/2026;New Phase 1;Vibes;13.07.2026
21451/07/41;0;0;31/10/2026;;New Phase 1;Vibes;13.07.2026
21451/07/96;0;0;31/10/2026;;New Phase 1;Vibes;13.07.2026
21451/09/41;0;0;;;New Phase 1;Vibes;13.07.2026
21451/09/96;0;0;;;New Phase 1;Vibes;13.07.2026
21509/25/30;0;89;;;;Neutral;13.07.2026
21521/01/30;0;144;;;;Competitive;13.07.2026
21528/25/02;0;106;;;;Competitive;13.07.2026
21528/25/30;0;118;;;;Competitive;13.07.2026
21529/15/30;0;97;;27/07/2026;;Competitive;13.07.2026
21529/26/30;0;95;;;;Competitive;13.07.2026
21530/01/61;0;0;;;Liquidation;Neutral;13.07.2026
21533/01/30;0;109;;27/07/2026;;Competitive;13.07.2026
21534/15/30;0;36;;27/07/2026;;Competitive;13.07.2026
21721/01/30;0;104;;;;Competitive;13.07.2026
21729/81/30;1;60;;;;Competitive;13.07.2026
21739/12/31;0;79;;;;Neutral;13.07.2026
21739/16/31;0;131;;27/07/2026;;Neutral;13.07.2026
21739/81/31;0;205;;;;Neutral;13.07.2026
21929/01/30;0;46;;27/07/2026;;Competitive;13.07.2026
21929/02/30;0;129;;;;Competitive;13.07.2026
22552/05/02;0;62;31/08/2026;;;Competitive;13.07.2026
22552/05/30;0;99;;03/08/2026;;Competitive;13.07.2026
22552/05/31;0;63;15/10/2026;31/08/2026;;Competitive;13.07.2026
22552/05/41;0;101;;;;Competitive;13.07.2026
22860/10/31;0;397;;;;Competitive;13.07.2026
22861/05/31;0;23;;;Liquidation;Competitive;13.07.2026
22862/04/30;0;245;;;;Competitive;13.07.2026
22863/10/30;0;403;;;;Competitive;13.07.2026
22863/10/31;0;51;;;;Competitive;13.07.2026
22864/10/30;0;343;;;;Competitive;13.07.2026
22864/10/31;0;500;;;;Competitive;13.07.2026
22865/12/30;0;364;;;;Competitive;13.07.2026
22865/12/31;0;353;;;;Competitive;13.07.2026
22952/01/02;0;228;;;;Competitive;13.07.2026
22952/01/31;0;108;31/08/2026;03/08/2026;;Competitive;13.07.2026
22952/02/31;5;114;;;;Competitive;13.07.2026
22952/11/30;0;138;15/10/2026;31/08/2026;;Competitive;13.07.2026
22953/01/02;1;106;;;;Competitive;13.07.2026
22953/01/12;94;0;;;Dropped out;;13.07.2026
22953/01/30;7;101;;;;Competitive;13.07.2026
22953/01/31;0;107;;;;Competitive;13.07.2026
22953/02/30;1;231;;;;Competitive;13.07.2026
22953/02/31;1;177;;;;Competitive;13.07.2026
22954/01/12;8;198;;;;Competitive;13.07.2026
22954/01/30;0;0;31/08/2026;03/08/2026;;Competitive;13.07.2026
22954/01/31;0;0;15/10/2026;03/08/2026;;Competitive;13.07.2026
22955/01/12;2;0;;;Dropped out;;13.07.2026
22955/01/30;0;70;15/10/2026;31/08/2026;;Competitive;13.07.2026
22955/01/31;0;164;;;;Competitive;13.07.2026
22958/01/30;0;149;;03/08/2026;;Competitive;13.07.2026
22959/01/30;0;500;;;;Competitive;13.07.2026
22959/02/30;0;77;;;;Competitive;13.07.2026
22962/01/30;0;136;31/08/2026;03/08/2026;;Competitive;13.07.2026
22962/01/31;0;357;;;;Competitive;13.07.2026
22963/01/30;0;149;30/09/2026;;;Competitive;13.07.2026
22963/01/31;0;213;;;;Competitive;13.07.2026
22966/01/30;3;0;;;Dropped out;;13.07.2026
22966/02/30;4;0;;;Dropped out;;13.07.2026
22966/02/31;30;0;;;Dropped out;;13.07.2026
22969/24/30;1;0;;;Dropped out;;13.07.2026
22974/01/15;0;456;;;;Competitive;13.07.2026
22974/01/30;0;160;31/08/2026;;;Competitive;13.07.2026
22974/01/41;0;47;30/09/2026;31/08/2026;;Competitive;13.07.2026
22974/02/15;0;219;;;;Competitive;13.07.2026
22974/02/30;0;307;;;;Competitive;13.07.2026
22974/02/41;0;127;15/10/2026;;;Competitive;13.07.2026
22974/13/15;0;228;;;;Competitive;13.07.2026
22974/13/30;0;190;;;;Competitive;13.07.2026
22974/13/41;0;113;;31/08/2026;;Competitive;13.07.2026
22975/01/15;0;241;;;;Competitive;13.07.2026
22975/01/30;0;347;15/10/2026;;;Competitive;13.07.2026
22975/01/31;0;500;;;;Competitive;13.07.2026
22975/01/41;0;0;;;New Phase 1;Essential;13.07.2026
23100/40/15;0;33;;;;Premium;13.07.2026
23100/40/96;0;8;31/10/2026;;;Premium;13.07.2026
23100/60/15;0;22;15/09/2026;;;Premium;13.07.2026
23100/60/96;0;5;;10/08/2026;;Premium;13.07.2026
23101/12/62;0;34;;;;Premium;13.07.2026
23173/01/96;0;47;;27/07/2026;;Premium;13.07.2026
23201/12/62;0;0;;27/07/2026;;Premium;13.07.2026
23208/31/30;3;0;;;Dropped out;;13.07.2026
23252/01/30;0;258;15/10/2026;;;Competitive;13.07.2026
23252/01/31;0;163;15/10/2026;31/08/2026;;Competitive;13.07.2026
23253/01/30;0;189;;;;Competitive;13.07.2026
23253/01/31;1;213;;;;Competitive;13.07.2026
23254/01/30;0;201;31/08/2026;03/08/2026;;Competitive;13.07.2026
23254/01/31;0;113;31/08/2026;03/08/2026;;Competitive;13.07.2026
23272/11/96;0;47;;;;Premium;13.07.2026
23273/01/96;0;63;;;;Premium;13.07.2026
23274/09/15;0;55;;;;Premium;13.07.2026
23274/09/31;0;63;;;;Premium;13.07.2026
23275/04/97;0;55;;;;Premium;13.07.2026
23400/60/15;0;18;;10/08/2026;;Premium;13.07.2026
23400/60/96;0;24;;;;Premium;13.07.2026
23400/80/15;0;34;;;;Premium;13.07.2026
23400/80/96;0;38;;;;Premium;13.07.2026
23401/12/62;0;20;;;;Premium;13.07.2026
23401/60/62;0;33;;;;Premium;13.07.2026
23463/30/30;0;10;31/10/2026;10/08/2026;;Neutral;13.07.2026
23463/30/31;0;40;;;;Neutral;13.07.2026
23463/36/30;0;51;;27/07/2026;;Neutral;13.07.2026
23463/36/31;0;50;;;;Neutral;13.07.2026
23472/36/96;0;46;;;;Premium;13.07.2026
23700/20/15;0;46;;;;Premium;13.07.2026
23700/20/96;0;39;;;;Premium;13.07.2026
23772/18/96;0;35;;;;Premium;13.07.2026
23954/06/30;0;107;;;;Competitive;13.07.2026
23954/06/31;0;11;;;;Competitive;13.07.2026
23954/11/30;0;3;;;;Competitive;13.07.2026
23954/11/31;0;0;;;Liquidation;Competitive;13.07.2026
23954/21/30;1;30;;;;Competitive;13.07.2026
23954/21/31;0;7;;;;Competitive;13.07.2026
23974/09/15;0;68;;;;Premium;13.07.2026
23974/09/31;0;123;;;;Premium;13.07.2026
23975/05/31;0;148;;;;Premium;13.07.2026
23975/10/31;0;136;;;;Premium;13.07.2026
24105/36/05;0;44;;;;Vibes;13.07.2026
24205/54/05;0;51;;;;Vibes;13.07.2026
24401/21/30;0;0;;10/08/2026;;Neutral;13.07.2026
24401/35/30;1;49;30/09/2026;;;Neutral;13.07.2026
24402/15/30;0;56;;;;Neutral;13.07.2026
24402/15/96;0;86;;;;Neutral;13.07.2026
24402/30/30;0;142;;;;Neutral;13.07.2026
24402/30/96;0;60;;10/08/2026;;Neutral;13.07.2026
24403/36/04;0;46;;;;Premium;13.07.2026
24403/42/04;0;34;;;;Premium;13.07.2026
24404/35/30;0;14;;;;Premium;13.07.2026
24404/84/30;0;20;;;;Premium;13.07.2026
24405/34/05;0;39;;;;Vibes;13.07.2026
24406/07/30;0;78;;10/08/2026;;Premium;13.07.2026
24406/07/96;0;52;;10/08/2026;;Premium;13.07.2026
24406/36/96;0;46;;;New Phase 2;Premium;13.07.2026
24406/37/30;0;35;;10/08/2026;;Premium;13.07.2026
24406/37/96;0;53;;;New Phase 2;Premium;13.07.2026
24406/84/30;0;30;;;;Premium;13.07.2026
24406/84/96;0;39;;;;Premium;13.07.2026
24406/86/30;0;16;;10/08/2026;;Premium;13.07.2026
24406/86/96;0;40;;10/08/2026;;Premium;13.07.2026
24407/07/96;0;0;;10/08/2026;;Premium;13.07.2026
24407/43/96;0;44;;;;Premium;13.07.2026
24407/86/96;0;49;;;;Premium;13.07.2026
24610/08/30;2;186;;;;Competitive;13.07.2026
24656/10/30;0;60;;;;Competitive;13.07.2026
24656/10/31;2;64;;;;Competitive;13.07.2026
24703/17/04;0;55;;;;Premium;13.07.2026
24705/34/05;0;37;;;;Vibes;13.07.2026
25115/35/65;0;0;;;Liquidation;Neutral;13.07.2026
25117/10/61;0;42;;;;Premium;13.07.2026
25117/10/62;0;2;;;;Premium;13.07.2026
25117/10/65;0;19;;;;Premium;13.07.2026
25413/01/02;0;79;;;;Neutral;13.07.2026
25413/03/02;0;37;;;;Neutral;13.07.2026
25413/13/02;0;167;;;;Neutral;13.07.2026
25414/04/61;0;0;;;Liquidation;Neutral;13.07.2026
25414/20/61;1;0;;;Dropped out;;13.07.2026
25417/10/61;0;98;;;;Premium;13.07.2026
25417/10/62;0;105;;;;Premium;13.07.2026
25417/10/65;0;33;;;;Premium;13.07.2026
25417/12/61;0;13;;;;Premium;13.07.2026
25417/12/62;0;70;;;;Premium;13.07.2026
25417/12/65;0;36;;;;Premium;13.07.2026
25501/45/65;1;0;;;Dropped out;;13.07.2026
26405/04/31;0;0;30/09/2026;;New Phase 2;Essential;13.07.2026
26405/13/31;0;0;30/09/2026;;New Phase 2;Essential;13.07.2026
26405/25/31;0;0;30/09/2026;;New Phase 2;Essential;13.07.2026
26405/40/31;0;0;30/09/2026;;New Phase 1;Essential;13.07.2026
26500/05/02;0;38;30/09/2026;;;Neutral;13.07.2026
26500/05/30;0;284;;;;Neutral;13.07.2026
26500/05/36;0;500;;;;Neutral;13.07.2026
26505/30/31;0;0;30/09/2026;;New Phase 2;Essential;13.07.2026
26705/45/31;0;0;;;New Phase 2;Essential;13.07.2026
26956/05/30;1;0;;;Dropped out;;13.07.2026
26956/05/31;3;0;;;Dropped out;;13.07.2026
26957/05/12;5;0;;;Dropped out;;13.07.2026
26957/05/30;2;0;;;Liquidation;Competitive;13.07.2026
26957/10/12;1;0;;;Dropped out;;13.07.2026
26957/15/12;1;0;;;Dropped out;;13.07.2026
26958/05/30;5;146;;;;Competitive;13.07.2026
26958/10/30;0;89;;;;Competitive;13.07.2026
26958/15/30;0;52;;;;Competitive;13.07.2026
26958/20/30;0;96;;;;Competitive;13.07.2026
26994/05/31;0;148;;;;Competitive;13.07.2026
26994/10/31;6;411;;;;Competitive;13.07.2026
26994/15/31;0;158;;;;Competitive;13.07.2026
26994/20/31;0;246;;;;Competitive;13.07.2026
27100/02/30;0;406;;;;Competitive;13.07.2026
27107/01/30;3;60;;;;Competitive;13.07.2026
27200/01/30;0;282;;;;Competitive;13.07.2026
27250/06/30;0;191;;;;Competitive;13.07.2026
27250/06/31;0;148;;;;Competitive;13.07.2026
27251/02/30;0;190;;;;Competitive;13.07.2026
27251/02/31;0;169;;;;Competitive;13.07.2026
27500/02/31;0;139;;;;Competitive;13.07.2026
27503/02/30;0;153;;;;Neutral;13.07.2026
27503/02/31;0;123;;;;Neutral;13.07.2026
27504/02/31;0;0;;;Liquidation;Competitive;13.07.2026
27703/02/30;0;77;;;;Neutral;13.07.2026
27703/02/31;0;164;;;;Neutral;13.07.2026
27703/04/30;0;50;15/10/2026;;;Neutral;13.07.2026
27803/01/29;35;0;;;Dropped out;;13.07.2026
27807/01/30;0;48;;;;Competitive;13.07.2026
27807/02/30;0;56;;;;Competitive;13.07.2026
27818/09/30;16;0;;;Dropped out;;13.07.2026
27837/01/30;36;0;;;Dropped out;;13.07.2026
27849/02/29;0;151;;;;Competitive;13.07.2026
27849/12/29;0;258;;;;Competitive;13.07.2026
27853/01/30;0;127;;;;Competitive;13.07.2026
27870/01/30;1;100;;;;Competitive;13.07.2026
27870/01/31;0;152;15/10/2026;;;Competitive;13.07.2026
27874/25/30;0;129;;;;Competitive;13.07.2026
27874/45/30;0;87;;;;Competitive;13.07.2026
27874/65/30;0;105;;;;Competitive;13.07.2026
27881/06/30;0;0;;31/08/2026;;Competitive;13.07.2026
27882/05/30;0;93;;31/08/2026;;Competitive;13.07.2026
27883/01/30;0;107;;;;Competitive;13.07.2026
27883/01/31;0;123;;;;Competitive;13.07.2026
27883/02/30;0;165;;;;Competitive;13.07.2026
27883/02/31;0;140;;;;Competitive;13.07.2026
27883/11/30;0;42;15/10/2026;;;Competitive;13.07.2026
27883/11/31;0;146;;;;Competitive;13.07.2026
27883/25/30;0;127;;;;Competitive;13.07.2026
27883/25/31;0;107;;;;Competitive;13.07.2026
27888/03/30;1;0;;;Dropped out;;13.07.2026
27889/02/30;0;182;;;;Competitive;13.07.2026
27889/02/31;0;68;;;;Competitive;13.07.2026
27889/02/33;0;77;;;;Competitive;13.07.2026
27889/02/38;0;57;;;;Competitive;13.07.2026
27889/06/30;0;44;;;;Competitive;13.07.2026
27893/05/29;0;56;;;;Competitive;13.07.2026
27894/05/29;0;157;;;;Competitive;13.07.2026
27895/05/29;0;133;;;;Competitive;13.07.2026
27896/12/29;0;171;;;;Competitive;13.07.2026
27899/03/29;6;0;;;Dropped out;;13.07.2026
28112/30/30;0;258;;;;Competitive;13.07.2026
28112/30/31;0;128;;;;Competitive;13.07.2026
28116/11/30;0;0;31/08/2026;03/08/2026;;Competitive;13.07.2026
28116/11/31;0;0;15/10/2026;;;Competitive;13.07.2026
28116/18/30;0;0;31/08/2026;03/08/2026;;Competitive;13.07.2026
28116/18/31;0;43;31/08/2026;03/08/2026;;Competitive;13.07.2026
28116/24/30;0;37;;;;Competitive;13.07.2026
28116/24/31;0;51;;;;Competitive;13.07.2026
28116/30/30;0;0;;03/08/2026;;Competitive;13.07.2026
28116/30/31;0;0;;03/08/2026;;Competitive;13.07.2026
28117/11/30;0;52;15/10/2026;;;Competitive;13.07.2026
28117/11/31;0;63;;;;Competitive;13.07.2026
28117/17/30;0;52;;;;Competitive;13.07.2026
28117/17/31;0;40;;;;Competitive;13.07.2026
28117/22/30;0;35;;;;Competitive;13.07.2026
28117/22/31;0;31;;;;Competitive;13.07.2026
28117/30/30;0;30;;03/08/2026;;Competitive;13.07.2026
28117/30/31;0;40;;;;Competitive;13.07.2026
28803/01/30;0;110;;;;Competitive;13.07.2026
28850/24/30;1;112;;;;Competitive;13.07.2026
28851/40/30;0;115;;;;Competitive;13.07.2026
28851/60/30;0;61;;03/08/2026;;Competitive;13.07.2026
28851/61/30;0;127;;;;Competitive;13.07.2026
28857/06/30;4;98;;;;Competitive;13.07.2026
28857/61/30;0;91;;;;Competitive;13.07.2026
28861/10/30;0;86;;;;Competitive;13.07.2026
28907/17/31;1;0;;;Dropped out;;13.07.2026
29700/26/15;0;54;;;;Vibes;13.07.2026
29700/26/96;0;35;15/10/2026;;;Vibes;13.07.2026
29825/01/30;0;55;;;;Competitive;13.07.2026
29826/01/30;4;0;;;Dropped out;;13.07.2026
29828/01/30;0;120;;;;Competitive;13.07.2026
29829/01/30;0;84;;;;Competitive;13.07.2026
29830/40/30;0;60;;;;Competitive;13.07.2026
29831/60/30;0;81;;;;Competitive;13.07.2026
29831/80/30;0;83;;;;Competitive;13.07.2026
29832/60/30;0;92;;;;Competitive;13.07.2026
29832/99/30;0;102;;;;Competitive;13.07.2026
29897/01/31;0;97;;;;Competitive;13.07.2026
29933/02/15;0;130;;;;Competitive;13.07.2026
29933/02/30;0;125;;27/07/2026;;Competitive;13.07.2026
29933/02/96;0;154;;27/07/2026;;Competitive;13.07.2026
29934/02/15;0;141;;;;Competitive;13.07.2026
29934/02/30;0;57;;27/07/2026;;Competitive;13.07.2026
29934/02/96;0;111;;;;Competitive;13.07.2026
30161/09/30;0;36;;;;Neutral;13.07.2026
30164/01/02;0;157;;;;Neutral;13.07.2026
30164/01/30;0;54;30/09/2026;03/08/2026;;Neutral;13.07.2026
30186/38/30;0;0;;;Liquidation;Competitive;13.07.2026
30188/01/30;0;50;;;;Competitive;13.07.2026
30265/01/30;0;65;30/09/2026;;;Competitive;13.07.2026
30271/01/30;0;39;;03/08/2026;;Competitive;13.07.2026
30276/01/38;0;83;30/09/2026;03/08/2026;;Competitive;13.07.2026
30295/01/30;0;0;;;Liquidation;Neutral;13.07.2026
30460/01/60;0;0;;;Liquidation;Neutral;13.07.2026
30460/13/60;0;0;;;Liquidation;Neutral;13.07.2026
30461/09/30;0;34;;;;Neutral;13.07.2026
30474/04/30;0;90;;;;Competitive;13.07.2026
30474/06/30;0;500;;;;Competitive;13.07.2026
30488/01/30;0;38;;;;Competitive;13.07.2026
30488/03/30;0;48;;;;Competitive;13.07.2026
30495/03/30;0;101;;;;Neutral;13.07.2026
30562/81/30;0;74;;;;Neutral;13.07.2026
30562/81/38;0;10;;;;Neutral;13.07.2026
30595/81/30;0;17;;;;Neutral;13.07.2026
30597/01/31;0;0;;;Liquidation;Neutral;13.07.2026
30669/05/30;6;0;;;Dropped out;;13.07.2026
30762/81/38;0;29;;;;Neutral;13.07.2026
30763/81/30;0;0;;;Liquidation;Neutral;13.07.2026
30773/01/30;0;29;15/11/2026;;;Competitive;13.07.2026
30797/02/31;0;0;;;Liquidation;Neutral;13.07.2026
30997/01/31;0;18;;;;Neutral;13.07.2026
30997/11/31;0;0;;;Liquidation;Neutral;13.07.2026
33200/05/11;0;264;;;;Neutral;13.07.2026
33200/05/30;0;235;;;;Neutral;13.07.2026
33200/05/31;0;263;;;;Neutral;13.07.2026
33500/03/30;0;449;;;;Neutral;13.07.2026
33500/03/35;0;272;;;;Neutral;13.07.2026
33500/03/41;0;267;;;;Neutral;13.07.2026
33801/06/30;0;189;;;;Competitive;13.07.2026
33801/06/31;0;361;;;;Competitive;13.07.2026
33801/11/30;0;354;;;;Competitive;13.07.2026
33801/11/31;0;373;;;;Competitive;13.07.2026
33803/08/97;0;105;;;;Competitive;13.07.2026
33804/05/30;0;70;;;;Competitive;13.07.2026
33805/08/97;0;41;;;;Essential;13.07.2026
33806/08/97;0;37;;;;Essential;13.07.2026
33807/08/97;0;68;;;;Essential;13.07.2026
33808/08/97;0;54;;;;Essential;13.07.2026
33809/05/97;0;69;;;;Essential;13.07.2026
33810/08/97;0;63;;;;Essential;13.07.2026
33811/04/97;0;27;15/10/2026;;;Essential;13.07.2026
33812/08/96;0;57;;;New Phase 2;Essential;13.07.2026
33813/08/96;0;60;;;New Phase 2;Essential;13.07.2026
33814/06/97;0;62;;;New Phase 2;Essential;13.07.2026
33815/06/97;0;62;;;New Phase 2;Essential;13.07.2026
33818/06/97;0;60;;;New Phase 2;Essential;13.07.2026
33819/08/97;0;57;;;New Phase 2;Essential;13.07.2026
34145/30/30;0;207;;;;Neutral;13.07.2026
34145/30/36;0;108;;;;Neutral;13.07.2026
34245/01/30;0;116;;;;Neutral;13.07.2026
34245/01/36;0;26;;;Liquidation;Neutral;13.07.2026
34247/01/99;0;197;;;;Competitive;13.07.2026
34438/03/65;0;57;30/09/2026;;;Competitive;13.07.2026
34438/05/65;0;40;;;;Competitive;13.07.2026
34438/20/65;0;102;;14/07/2026;;Competitive;13.07.2026
34438/28/65;1;106;;14/07/2026;;Competitive;13.07.2026
34438/40/65;3;93;;14/07/2026;;Competitive;13.07.2026
34445/30/30;0;0;;;Liquidation;Neutral;13.07.2026
34447/40/99;0;170;;;;Competitive;13.07.2026
34540/03/30;0;48;31/10/2026;;;Neutral;13.07.2026
34540/03/31;0;0;30/09/2026;;;Neutral;13.07.2026
34544/02/30;0;0;;;Liquidation;Neutral;13.07.2026
34545/81/30;0;68;;;;Neutral;13.07.2026
34545/81/36;0;69;;;;Neutral;13.07.2026
34546/21/30;0;396;;;;Competitive;13.07.2026
34548/81/31;0;43;;;;Neutral;13.07.2026
34549/81/60;0;159;;;;Neutral;13.07.2026
34550/81/60;0;170;;;;Neutral;13.07.2026
34551/81/31;0;104;;;;Neutral;13.07.2026
34552/03/11;0;43;;;;Neutral;13.07.2026
34552/03/41;0;36;;14/07/2026;;Neutral;13.07.2026
34552/03/44;0;41;;;;Neutral;13.07.2026
34738/01/65;0;44;;;;Competitive;13.07.2026
34745/81/30;0;0;;;Liquidation;Neutral;13.07.2026
34745/81/36;0;0;;;Liquidation;Neutral;13.07.2026
35100/11/31;0;500;;;;Competitive;13.07.2026
35100/14/31;0;500;;;;Competitive;13.07.2026
35100/17/31;0;363;;;;Competitive;13.07.2026
35115/40/55;0;0;;;New Phase 1;Vibes;13.07.2026
35200/18/31;0;500;;;;Competitive;13.07.2026
35201/18/31;0;500;;;;Competitive;13.07.2026
35203/13/31;0;0;;;Liquidation;Competitive;13.07.2026
35208/01/31;0;108;;;;Competitive;13.07.2026
35208/01/41;6;0;;;Dropped out;;13.07.2026
35251/01/41;0;0;15/10/2026;;New Phase 1;Vibes;13.07.2026
35252/01/41;0;0;15/10/2026;;New Phase 1;Vibes;13.07.2026
35400/25/31;0;268;;;;Neutral;13.07.2026
35406/16/31;0;143;;;;Neutral;13.07.2026
35407/25/31;1;0;;;Dropped out;;13.07.2026
35410/04/30;0;69;;;;Neutral;13.07.2026
35411/04/41;1;0;;;Dropped out;;13.07.2026
35413/01/30;0;32;;;;Competitive;13.07.2026
35415/50/55;0;0;;;New Phase 1;Vibes;13.07.2026
35911/08/30;0;71;;;;Competitive;13.07.2026
35911/08/31;0;74;;;;Competitive;13.07.2026
35911/16/30;0;87;;;;Competitive;13.07.2026
35911/16/31;0;123;;;;Competitive;13.07.2026
35913/01/30;0;207;;;;Competitive;13.07.2026
35913/01/33;60;0;;;Dropped out;;13.07.2026
35913/02/30;0;102;;;;Competitive;13.07.2026
36114/18/30;0;500;;;;Competitive;13.07.2026
36114/18/31;0;124;;;;Competitive;13.07.2026
36114/27/30;0;57;;;;Competitive;13.07.2026
36114/27/31;0;44;;;;Competitive;13.07.2026
36612/03/30;0;95;;;;Competitive;13.07.2026
36612/03/31;0;247;;;;Competitive;13.07.2026
36620/03/31;0;17;;;;Competitive;13.07.2026
36621/03/30;0;68;;;;Competitive;13.07.2026
36621/03/31;0;155;;;;Competitive;13.07.2026
36712/04/30;0;63;;;;Competitive;13.07.2026
36712/04/31;0;245;;;;Competitive;13.07.2026
36712/05/30;1;70;;;;Competitive;13.07.2026
36712/05/31;1;339;;;;Competitive;13.07.2026
36720/03/30;0;92;;;;Competitive;13.07.2026
36720/03/31;0;87;;;;Competitive;13.07.2026
36721/03/30;0;0;;;Liquidation;Competitive;13.07.2026
36721/03/31;0;3;;;;Competitive;13.07.2026
36722/03/30;0;91;;;;Competitive;13.07.2026
37100/50/30;1;0;;;Dropped out;;13.07.2026
39211/10/11;5;0;;;Dropped out;;13.07.2026
39520/01/76;2;0;;;Dropped out;;13.07.2026
40401/01/73;0;0;;;New Phase 1;Essential;13.07.2026
40401/03/73;0;0;;;New Phase 1;Essential;13.07.2026
40404/03/73;0;0;;;New Phase 1;Essential;13.07.2026
40404/13/73;0;0;;;New Phase 1;Essential;13.07.2026
40404/40/73;0;0;;;New Phase 1;Essential;13.07.2026
40404/50/73;0;0;;;New Phase 1;Essential;13.07.2026
40501/01/73;0;0;;;New Phase 1;Essential;13.07.2026
40502/01/73;0;0;31/08/2026;;New Phase 2;Essential;13.07.2026
40503/81/73;0;0;31/08/2026;;New Phase 1;Essential;13.07.2026
40701/13/73;0;0;;;New Phase 1;Essential;13.07.2026
40703/81/73;0;0;31/08/2026;;New Phase 1;Essential;13.07.2026
41205/12/30;0;59;;;;Premium;13.07.2026
41205/16/30;0;34;;;;Premium;13.07.2026
41206/03/02;0;56;;;;Premium;13.07.2026
41206/03/15;0;128;;;;Premium;13.07.2026
41206/03/30;0;125;;;;Premium;13.07.2026
41405/24/30;0;68;;;;Premium;13.07.2026
41405/32/30;0;51;;;;Premium;13.07.2026
41412/40/30;0;42;;;;Premium;13.07.2026
41412/40/31;0;39;;;;Premium;13.07.2026
41412/60/30;0;60;;;;Premium;13.07.2026
41412/60/31;0;43;;;;Premium;13.07.2026
41412/80/30;0;45;;;;Premium;13.07.2026
41412/80/31;0;33;;;;Premium;13.07.2026
42101/52/30;0;56;;;;Neutral;13.07.2026
42203/06/31;0;37;;;;Premium;13.07.2026
42203/10/31;0;29;;;;Premium;13.07.2026
42203/47/31;0;0;10/10/2026;;New Phase 1;Premium;13.07.2026
42401/52/30;0;49;;;;Neutral;13.07.2026
42404/35/38;0;0;10/10/2026;;New Phase 1;Vibes;13.07.2026
42404/47/55;0;0;10/10/2026;;New Phase 1;Vibes;13.07.2026
43401/31/30;0;437;;;;Competitive;13.07.2026
43404/15/30;0;137;;;;Competitive;13.07.2026
43404/22/30;0;128;;;;Competitive;13.07.2026
43404/28/30;0;146;;;;Competitive;13.07.2026
44110/24/31;0;81;;;;Competitive;13.07.2026
44111/24/31;0;123;;;;Competitive;13.07.2026
44112/24/30;0;44;;15/07/2026;;Competitive;13.07.2026
44113/30/02;0;96;;;;Competitive;13.07.2026
44114/30/02;0;287;;;;Competitive;13.07.2026
44204/08/33;0;92;;;;Competitive;13.07.2026
44204/08/35;0;412;;;;Competitive;13.07.2026
44204/08/38;0;242;;;;Competitive;13.07.2026
44216/08/30;0;192;;;;Neutral;13.07.2026
44216/12/30;0;283;;;;Neutral;13.07.2026
44217/08/30;0;51;;;;Neutral;13.07.2026
44217/08/41;0;31;;15/07/2026;;Neutral;13.07.2026
44415/03/99;0;84;;;;Neutral;13.07.2026
44415/13/34;0;195;;;;Neutral;13.07.2026
44415/16/66;0;89;;;;Neutral;13.07.2026
44415/20/36;0;19;;;;Neutral;13.07.2026
44501/03/30;0;392;;;;Competitive;13.07.2026
44501/03/31;0;500;;;;Competitive;13.07.2026
44501/03/44;0;181;;;;Competitive;13.07.2026
44503/06/11;0;87;;;;Neutral;13.07.2026
44503/06/30;0;65;;;;Neutral;13.07.2026
44503/06/41;0;46;;;;Neutral;13.07.2026
44516/06/30;0;244;;;;Neutral;13.07.2026
44517/08/30;0;53;;;;Neutral;13.07.2026
44517/08/41;0;61;;;;Neutral;13.07.2026
44520/01/33;0;121;;15/07/2026;;Essential;13.07.2026
44520/01/34;0;135;;15/07/2026;;Essential;13.07.2026
44520/01/35;0;134;;15/07/2026;;Essential;13.07.2026
44520/01/38;0;90;;15/07/2026;;Essential;13.07.2026
44521/01/33;0;157;;;;Essential;13.07.2026
44521/01/34;0;143;;15/07/2026;;Essential;13.07.2026
44521/01/35;0;130;;15/07/2026;;Essential;13.07.2026
44521/01/38;0;81;;15/07/2026;;Essential;13.07.2026
44522/01/33;0;0;;;New Phase 1;Essential;13.07.2026
44522/01/35;0;0;;;New Phase 1;Essential;13.07.2026
44522/01/57;0;0;;;New Phase 1;Essential;13.07.2026
44616/06/30;0;35;;;;Neutral;13.07.2026
44700/11/02;0;58;;;;Neutral;13.07.2026
44700/11/30;0;83;;15/07/2026;;Neutral;13.07.2026
44701/03/30;0;59;;;;Competitive;13.07.2026
44701/03/31;0;343;;;;Competitive;13.07.2026
44701/03/37;0;175;;;;Competitive;13.07.2026
44701/03/44;0;59;;;;Competitive;13.07.2026
44716/06/30;0;129;;;;Neutral;13.07.2026
44717/08/30;0;53;;;;Neutral;13.07.2026
44717/08/41;0;79;;;;Neutral;13.07.2026
44719/81/30;0;43;;;;Neutral;13.07.2026
44798/81/30;0;112;;;;Competitive;13.07.2026
44799/81/30;0;94;;;;Competitive;13.07.2026
45101/40/65;0;38;;10/08/2026;;Neutral;13.07.2026
45177/30/65;0;239;;;;Competitive;13.07.2026
45179/03/30;1;0;;;Dropped out;;13.07.2026
45179/13/30;0;67;;;;Competitive;13.07.2026
45194/25/65;0;33;15/09/2026;;;Competitive;13.07.2026
45196/01/30;0;77;;;;Competitive;13.07.2026
45196/01/33;0;73;;;;Competitive;13.07.2026
45196/01/35;0;63;;;;Competitive;13.07.2026
45196/01/44;0;54;;;;Competitive;13.07.2026
45200/01/30;8;323;;;;Neutral;13.07.2026
45200/01/35;0;57;;;;Neutral;13.07.2026
45201/01/30;0;237;;27/07/2026;;Competitive;13.07.2026
45201/01/33;0;384;;;;Competitive;13.07.2026
45201/01/35;0;192;15/09/2026;;;Competitive;13.07.2026
45252/01/97;0;80;;;;Neutral;13.07.2026
45252/11/97;0;50;;;;Neutral;13.07.2026
45265/01/30;0;500;;;;Competitive;13.07.2026
45265/01/31;0;92;15/10/2026;10/08/2026;;Competitive;13.07.2026
45274/02/02;0;274;;;;Neutral;13.07.2026
45274/02/30;0;226;;;;Neutral;13.07.2026
45292/81/30;4;0;;;Dropped out;;13.07.2026
45299/02/02;0;91;;;;Competitive;13.07.2026
45299/02/30;0;85;15/10/2026;;;Competitive;13.07.2026
45354/01/97;3;0;;;Dropped out;;13.07.2026
45386/07/62;0;11;;27/07/2026;;Competitive;13.07.2026
45386/20/33;0;91;;;;Competitive;13.07.2026
45386/20/62;0;84;30/09/2026;31/08/2026;;Competitive;13.07.2026
45386/30/33;0;98;30/09/2026;;;Competitive;13.07.2026
45386/30/62;0;246;15/10/2026;31/08/2026;;Competitive;13.07.2026
45401/40/65;0;35;15/10/2026;;;Neutral;13.07.2026
45401/50/65;0;35;15/09/2026;;;Neutral;13.07.2026
45402/07/30;0;33;30/09/2026;;;Competitive;13.07.2026
45402/13/30;0;49;;;;Competitive;13.07.2026
45402/15/30;0;47;;;;Competitive;13.07.2026
45402/30/30;0;76;;;;Competitive;13.07.2026
45405/01/30;0;29;;;;Neutral;13.07.2026
45405/04/30;0;33;;;;Neutral;13.07.2026
45405/07/30;0;63;;;;Neutral;13.07.2026
45405/13/30;0;77;;;;Neutral;13.07.2026
45408/03/62;0;169;;27/07/2026;;Competitive;13.07.2026
45408/13/99;0;55;27/07/2026;14/07/2026;;Competitive;13.07.2026
45408/15/99;0;97;03/08/2026;27/07/2026;;Competitive;13.07.2026
45408/18/62;0;494;31/08/2026;27/07/2026;;Competitive;13.07.2026
45408/22/62;0;500;31/08/2026;27/07/2026;;Competitive;13.07.2026
45408/30/62;0;500;31/08/2026;27/07/2026;;Competitive;13.07.2026
45409/04/30;0;66;;;;Competitive;13.07.2026
45409/04/38;0;40;30/09/2026;;;Competitive;13.07.2026
45409/13/30;0;112;;;;Competitive;13.07.2026
45409/13/38;0;46;;;;Competitive;13.07.2026
45410/05/30;0;38;;;;Competitive;13.07.2026
45410/05/41;0;37;;;;Competitive;13.07.2026
45410/09/30;0;52;;;;Competitive;13.07.2026
45410/09/41;0;53;;;;Competitive;13.07.2026
45410/13/30;0;34;21/08/2026;10/08/2026;;Competitive;13.07.2026
45410/13/41;0;30;;27/07/2026;;Competitive;13.07.2026
45410/15/30;0;35;30/09/2026;27/07/2026;;Competitive;13.07.2026
45410/15/41;0;40;;27/07/2026;;Competitive;13.07.2026
45455/36/30;0;60;;;;Neutral;13.07.2026
45455/36/31;0;39;;;;Neutral;13.07.2026
45459/04/30;0;93;;;;Competitive;13.07.2026
45474/06/30;0;88;;;;Neutral;13.07.2026
45491/13/41;0;45;;;;Neutral;13.07.2026
45491/13/55;0;38;30/09/2026;;;Neutral;13.07.2026
45491/31/41;0;0;30/09/2026;;;Neutral;13.07.2026
45491/31/55;0;33;15/10/2026;;;Neutral;13.07.2026
45491/40/41;0;40;30/09/2026;;;Neutral;13.07.2026
45491/40/55;0;0;;31/08/2026;;Neutral;13.07.2026
45492/01/36;0;90;;;;Neutral;13.07.2026
45492/03/36;0;57;;;;Neutral;13.07.2026
45492/13/36;0;101;;;;Neutral;13.07.2026
45493/03/33;0;79;;;;Competitive;13.07.2026
45493/04/33;0;1;15/09/2026;;;Competitive;13.07.2026
45493/30/33;0;57;;27/07/2026;;Competitive;13.07.2026
45493/30/62;0;87;;;;Competitive;13.07.2026
45494/01/65;0;100;30/09/2026;;;Competitive;13.07.2026
45494/03/65;0;70;;;;Competitive;13.07.2026
45494/06/65;0;101;;;;Competitive;13.07.2026
45494/15/65;0;44;15/09/2026;;;Competitive;13.07.2026
45494/16/65;0;295;03/08/2026;27/07/2026;;Competitive;13.07.2026
45494/16/96;0;122;;;;Competitive;13.07.2026
45494/19/96;0;94;;;;Competitive;13.07.2026
45496/01/30;0;68;;;;Competitive;13.07.2026
45496/01/33;0;8;15/09/2026;;;Competitive;13.07.2026
45496/01/35;0;34;15/09/2026;;;Competitive;13.07.2026
45496/01/44;0;58;;;;Competitive;13.07.2026
45497/03/02;0;37;15/09/2026;;;Competitive;13.07.2026
45497/20/02;0;0;03/08/2026;27/07/2026;;Competitive;13.07.2026
45497/30/02;0;113;;;;Competitive;13.07.2026
45500/01/30;0;19;;;;Competitive;13.07.2026
45500/01/44;0;90;;;;Competitive;13.07.2026
45500/01/66;0;235;;;;Competitive;13.07.2026
45502/01/30;0;18;;;;Competitive;13.07.2026
45504/01/30;0;58;15/09/2026;;;Competitive;13.07.2026
45504/01/31;0;41;;27/07/2026;;Competitive;13.07.2026
45504/01/36;0;79;;27/07/2026;;Competitive;13.07.2026
45505/01/30;0;81;;;;Neutral;13.07.2026
45508/01/62;0;59;;;;Competitive;13.07.2026
45509/81/30;0;79;;;;Competitive;13.07.2026
45509/81/38;0;38;;27/07/2026;;Competitive;13.07.2026
45510/01/30;0;30;;10/08/2026;;Competitive;13.07.2026
45510/01/41;0;40;15/09/2026;;;Competitive;13.07.2026
45561/01/36;0;16;15/09/2026;;;Competitive;13.07.2026
45561/01/70;1;174;;;;Competitive;13.07.2026
45561/01/72;0;192;15/09/2026;;;Competitive;13.07.2026
45564/01/31;1;500;;;;Competitive;13.07.2026
45564/01/36;0;34;;;;Competitive;13.07.2026
45565/01/30;1;135;;;;Competitive;13.07.2026
45566/01/62;2;0;;;Dropped out;;13.07.2026
45569/01/65;0;0;;;Liquidation;Competitive;13.07.2026
45574/02/02;0;48;;;;Neutral;13.07.2026
45574/02/30;0;82;;;;Neutral;13.07.2026
45576/01/02;1;83;;;;Competitive;13.07.2026
45576/01/30;0;87;;;;Competitive;13.07.2026
45578/01/30;2;0;;;Dropped out;;13.07.2026
45584/01/30;1;0;;;Dropped out;;13.07.2026
45586/20/33;0;33;;10/08/2026;;Competitive;13.07.2026
45586/20/62;2;85;;;;Competitive;13.07.2026
45588/01/30;0;48;;;;Competitive;13.07.2026
45589/01/30;0;153;;;;Competitive;13.07.2026
45590/81/02;0;68;;;;Competitive;13.07.2026
45590/81/30;0;198;;;;Competitive;13.07.2026
45591/01/41;0;32;;27/07/2026;;Neutral;13.07.2026
45591/01/55;0;47;;;;Neutral;13.07.2026
45592/01/36;0;252;;;;Neutral;13.07.2026
45593/01/33;0;74;;;;Competitive;13.07.2026
45594/01/65;0;50;;;;Competitive;13.07.2026
45595/01/31;0;36;15/09/2026;;;Competitive;13.07.2026
45595/01/51;0;108;;27/07/2026;;Competitive;13.07.2026
45595/01/66;0;73;30/09/2026;10/08/2026;;Competitive;13.07.2026
45596/01/30;0;77;30/09/2026;;;Competitive;13.07.2026
45596/01/33;0;112;15/10/2026;;;Competitive;13.07.2026
45596/01/35;0;26;15/09/2026;27/07/2026;;Competitive;13.07.2026
45596/01/44;0;82;;27/07/2026;;Competitive;13.07.2026
45597/20/02;0;40;30/09/2026;27/07/2026;;Competitive;13.07.2026
45599/01/30;0;102;;;;Competitive;13.07.2026
45708/01/62;0;45;;27/07/2026;;Competitive;13.07.2026
45709/81/30;0;39;;;;Competitive;13.07.2026
45709/81/38;0;61;;27/07/2026;;Competitive;13.07.2026
45765/01/30;0;53;;;;Competitive;13.07.2026
45774/04/02;0;45;;;;Neutral;13.07.2026
45774/04/30;0;91;;;;Neutral;13.07.2026
45785/01/02;0;0;;;Liquidation;Competitive;13.07.2026
45790/81/02;0;68;;;;Competitive;13.07.2026
45794/01/65;0;45;30/09/2026;;;Competitive;13.07.2026
45796/01/30;0;78;15/09/2026;;;Competitive;13.07.2026
45796/01/33;0;10;15/10/2026;27/07/2026;;Competitive;13.07.2026
45796/01/35;1;37;;;;Competitive;13.07.2026
45796/01/44;0;37;15/09/2026;27/07/2026;;Competitive;13.07.2026
45799/01/30;0;29;;10/08/2026;;Competitive;13.07.2026
45987/01/30;1;397;;;;Competitive;13.07.2026
45987/01/33;0;421;;;;Competitive;13.07.2026
46100/20/31;0;57;15/11/2026;;;Neutral;13.07.2026
46100/32/30;0;166;;;;Neutral;13.07.2026
46100/32/31;0;33;30/09/2026;;;Neutral;13.07.2026
46100/42/30;0;31;;;;Neutral;13.07.2026
46100/42/31;0;31;;;;Neutral;13.07.2026
46100/80/30;0;43;;;;Neutral;13.07.2026
46100/80/31;0;25;;;;Neutral;13.07.2026
46103/20/02;0;45;;10/08/2026;;Neutral;13.07.2026
46103/20/30;0;8;15/11/2026;10/08/2026;;Neutral;13.07.2026
46103/38/02;0;58;30/09/2026;;;Neutral;13.07.2026
46103/38/30;0;67;30/09/2026;;;Neutral;13.07.2026
46124/50/41;0;0;15/09/2026;;New Phase 1;Premium;13.07.2026
46199/25/30;0;160;;;;Competitive;13.07.2026
46199/25/31;0;111;;;;Competitive;13.07.2026
46201/06/30;0;97;;;;Competitive;13.07.2026
46201/06/31;0;82;;;;Competitive;13.07.2026
46201/08/30;0;64;;;;Competitive;13.07.2026
46201/08/31;0;83;;;;Competitive;13.07.2026
46225/20/96;0;0;15/09/2026;;New Phase 1;Vibes;13.07.2026
46225/28/96;0;0;15/09/2026;;New Phase 1;Vibes;13.07.2026
46400/42/30;0;59;;;;Neutral;13.07.2026
46400/42/31;0;104;;;;Neutral;13.07.2026
46402/99/30;2;10;;;;Neutral;13.07.2026
46402/99/31;0;39;;;;Neutral;13.07.2026
46403/48/02;0;49;15/11/2026;10/08/2026;;Neutral;13.07.2026
46403/48/30;0;58;;;;Neutral;13.07.2026
46403/92/02;0;49;;;;Premium;13.07.2026
46403/92/30;0;38;;;;Premium;13.07.2026
46403/99/02;0;36;15/11/2026;;;Premium;13.07.2026
46403/99/30;0;39;;10/08/2026;;Premium;13.07.2026
46404/02/97;0;0;;;New Phase 1;Vibes;13.07.2026
46404/80/97;0;45;;;;Vibes;13.07.2026
46404/99/97;0;30;15/11/2026;10/08/2026;;Vibes;13.07.2026
46413/03/61;0;104;;;;Competitive;13.07.2026
46413/13/61;0;0;;;Liquidation;Competitive;13.07.2026
46417/06/10;0;0;;;Liquidation;Neutral;13.07.2026
46417/06/30;2;0;;;Dropped out;;13.07.2026
46421/60/30;0;39;;10/08/2026;New Phase 1;Vibes;13.07.2026
46421/60/31;0;0;15/09/2026;;New Phase 1;Vibes;13.07.2026
46422/76/30;0;0;15/09/2026;;New Phase 1;Vibes;13.07.2026
46422/76/31;0;0;15/09/2026;;New Phase 1;Vibes;13.07.2026
46423/60/30;0;0;15/09/2026;;New Phase 1;Vibes;13.07.2026
46423/60/31;0;0;15/09/2026;;New Phase 1;Vibes;13.07.2026
46424/50/41;0;0;15/09/2026;;New Phase 1;Premium;13.07.2026
46424/60/41;0;0;15/09/2026;;New Phase 1;Premium;13.07.2026
46511/05/02;6;0;;;Dropped out;;13.07.2026
46511/05/30;4;0;;;Dropped out;;13.07.2026
46516/01/31;0;92;;;;Neutral;13.07.2026
46516/01/35;0;0;;;Liquidation;Neutral;13.07.2026
46516/01/53;0;37;;27/07/2026;;Neutral;13.07.2026
46520/03/02;0;209;;;;Competitive;13.07.2026
46520/03/08;0;360;;;;Competitive;13.07.2026
46520/03/17;0;206;;;;Competitive;13.07.2026
46619/03/41;0;89;31/10/2026;;;Competitive;13.07.2026
46704/40/97;0;0;;;New Phase 1;Vibes;13.07.2026
47500/81/11;0;136;;;;Competitive;13.07.2026
47500/81/17;0;500;;;;Competitive;13.07.2026
47502/81/36;0;496;;;;Competitive;13.07.2026
47502/81/38;0;500;31/08/2026;15/07/2026;;Competitive;13.07.2026
47503/81/31;0;147;;;;Competitive;13.07.2026
47503/81/36;0;212;15/09/2026;;;Competitive;13.07.2026
47506/81/36;2;51;15/09/2026;;;Competitive;13.07.2026
47506/81/38;2;382;15/09/2026;;;Competitive;13.07.2026
47506/81/43;2;500;15/10/2026;;;Competitive;13.07.2026
47508/81/30;2;176;;;;Competitive;13.07.2026
47508/81/31;2;95;15/09/2026;;;Competitive;13.07.2026
47509/81/30;0;116;;15/07/2026;New Phase 2;Essential;13.07.2026
47509/81/31;0;117;;15/07/2026;New Phase 2;Essential;13.07.2026
47511/81/43;0;36;;;New Phase 2;Vibes;13.07.2026
47512/81/43;0;34;;;New Phase 1;Vibes;13.07.2026
47550/81/30;0;112;;10/08/2026;New Phase 2;Essential;13.07.2026
47550/81/41;0;112;;10/08/2026;New Phase 2;Essential;13.07.2026
47551/81/38;0;112;;10/08/2026;New Phase 2;Essential;13.07.2026
47551/81/41;0;112;;10/08/2026;New Phase 2;Essential;13.07.2026
49006/05/30;0;541;31/08/2026;03/08/2026;;Competitive;13.07.2026
49006/05/31;1;373;15/10/2026;31/08/2026;;Competitive;13.07.2026
49006/05/36;2;0;;;Dropped out;;13.07.2026
49006/15/30;0;584;15/10/2026;;;Competitive;13.07.2026
49006/15/31;0;166;30/09/2026;;;Competitive;13.07.2026
49006/16/30;0;418;30/09/2026;;;Competitive;13.07.2026
49006/16/31;0;196;30/09/2026;;;Competitive;13.07.2026
49008/05/60;9;273;30/09/2026;;;Competitive;13.07.2026
49009/05/30;0;750;;;;Competitive;13.07.2026
49009/05/31;0;303;30/09/2026;;;Competitive;13.07.2026
49009/05/36;1;0;;;Dropped out;;13.07.2026
49010/05/30;0;1000;;;;Competitive;13.07.2026
49010/05/31;7;1000;;;;Competitive;13.07.2026
49016/05/60;8;0;;;Dropped out;;13.07.2026
49020/05/10;4;0;;;Dropped out;;13.07.2026
49021/04/60;0;313;;;;Competitive;13.07.2026
49021/04/67;0;752;;;;Competitive;13.07.2026
49022/04/60;0;125;31/08/2026;03/08/2026;;Competitive;13.07.2026
49022/04/67;0;433;;;;Competitive;13.07.2026
49023/04/67;6;0;;;Dropped out;;13.07.2026
49023/14/60;1;0;;;Dropped out;;13.07.2026
49029/01/31;5;204;30/09/2026;;;Competitive;13.07.2026
49032/04/62;2;0;;;Dropped out;;13.07.2026
49032/05/60;0;526;30/09/2026;;;Competitive;13.07.2026
49032/05/62;0;1000;15/10/2026;03/08/2026;;Competitive;13.07.2026
49032/95/62;0;570;;;;Competitive;13.07.2026
49033/05/60;0;161;31/08/2026;;;Competitive;13.07.2026
49033/05/62;2;683;15/10/2026;03/08/2026;;Competitive;13.07.2026
49033/95/62;0;340;;;;Competitive;13.07.2026
49034/04/62;10;1000;;;;Competitive;13.07.2026
49034/05/60;0;426;15/10/2026;;;Competitive;13.07.2026
49034/05/62;0;1000;;;;Competitive;13.07.2026
49034/95/62;0;239;30/09/2026;;;Competitive;13.07.2026
49035/05/62;0;503;30/09/2026;03/08/2026;;Competitive;13.07.2026
49035/20/62;0;361;30/09/2026;;;Competitive;13.07.2026
49035/25/62;4;349;30/09/2026;;;Competitive;13.07.2026
49035/30/62;0;338;30/09/2026;03/08/2026;;Competitive;13.07.2026
49035/95/62;0;370;;;;Competitive;13.07.2026
49035/96/62;0;404;;;;Competitive;13.07.2026
49035/97/62;0;427;;;;Competitive;13.07.2026
49035/98/62;0;426;;;;Competitive;13.07.2026
49036/03/62;0;587;;;;Competitive;13.07.2026
49036/95/62;0;437;;;;Competitive;13.07.2026
49041/12/30;0;259;30/09/2026;;;Competitive;13.07.2026
49041/12/31;0;21;15/10/2026;;;Competitive;13.07.2026
49042/04/62;0;1000;15/10/2026;;;Competitive;13.07.2026
49042/05/60;0;358;;;;Competitive;13.07.2026
49042/05/62;3;1000;15/10/2026;;;Competitive;13.07.2026
49042/95/62;0;182;15/10/2026;03/08/2026;;Competitive;13.07.2026
49043/03/62;0;701;15/10/2026;;;Competitive;13.07.2026
49043/95/62;0;293;;;;Competitive;13.07.2026
49045/03/60;0;325;30/09/2026;;;Competitive;13.07.2026
49045/03/62;0;1000;;;;Competitive;13.07.2026
49045/95/62;0;277;;;;Competitive;13.07.2026
49046/03/60;0;414;;;;Competitive;13.07.2026
49046/03/62;3;1000;30/09/2026;;;Competitive;13.07.2026
49046/95/62;0;191;15/10/2026;;;Competitive;13.07.2026
49047/30/65;4;0;;;Dropped out;;13.07.2026
49048/05/61;5;751;;;;Competitive;13.07.2026
49051/04/61;6;0;;;Dropped out;;13.07.2026
49054/04/62;0;0;;31/08/2026;New Phase 2;Competitive;13.07.2026
49055/04/62;0;0;;31/08/2026;New Phase 1;Competitive;13.07.2026
49056/04/62;0;0;;31/08/2026;New Phase 1;Competitive;13.07.2026
49057/04/62;0;0;;31/08/2026;New Phase 1;Competitive;13.07.2026
49065/05/65;4;0;;;Dropped out;;13.07.2026
49066/08/61;0;861;31/08/2026;;;Competitive;13.07.2026
49067/08/61;0;258;31/08/2026;;;Competitive;13.07.2026
49068/05/62;0;335;;;;Competitive;13.07.2026
49069/05/62;0;361;;;;Competitive;13.07.2026
49070/08/62;0;343;;;;Competitive;13.07.2026
49080/07/60;0;0;;;Liquidation;Competitive;13.07.2026
49081/07/60;0;0;;;Liquidation;Competitive;13.07.2026
49083/07/60;0;0;;;Liquidation;Competitive;13.07.2026
49084/07/60;0;0;;;Liquidation;Competitive;13.07.2026
49085/07/60;0;852;;;;Competitive;13.07.2026
49086/07/60;0;1000;;;;Competitive;13.07.2026
49087/07/60;0;91;;03/08/2026;;Competitive;13.07.2026
49088/07/60;0;1000;;;;Competitive;13.07.2026
49089/07/60;0;1000;;;;Competitive;13.07.2026
49093/04/30;0;414;15/10/2026;31/08/2026;;Competitive;13.07.2026
49094/04/30;0;1000;31/08/2026;03/08/2026;;Competitive;13.07.2026
49094/12/30;0;279;30/09/2026;03/08/2026;;Competitive;13.07.2026
49095/03/31;0;381;30/09/2026;;;Competitive;13.07.2026
49096/05/30;0;669;;03/08/2026;;Competitive;13.07.2026
49097/03/31;0;224;30/09/2026;03/08/2026;;Competitive;13.07.2026
49097/09/31;0;250;;03/08/2026;New Phase 1;Competitive;13.07.2026
49098/05/30;0;281;;;;Competitive;13.07.2026
49099/05/30;0;581;15/10/2026;;;Competitive;13.07.2026
50000/00/30;0;210;;;;Competitive;13.07.2026
50000/00/31;0;176;;;;Competitive;13.07.2026
50004/22/00;214;0;;;Dropped out;;13.07.2026
50105/32/31;104;0;;;Dropped out;;13.07.2026
50310/10/00;5;0;;;Dropped out;;13.07.2026
51102/43/38;0;0;15/09/2026;;New Phase 2;Essential;13.07.2026
51402/01/38;0;0;31/08/2026;;New Phase 2;Essential;13.07.2026
51402/04/38;0;0;31/08/2026;;New Phase 2;Essential;13.07.2026
51500/20/38;0;148;;;;Competitive;13.07.2026
51500/20/55;0;69;;03/08/2026;;Competitive;13.07.2026
51500/20/66;0;500;;;;Competitive;13.07.2026
51500/20/68;0;162;;;;Competitive;13.07.2026
51901/01/02;0;284;;;;Competitive;13.07.2026
51901/02/02;0;311;;;;Competitive;13.07.2026
51901/13/02;0;319;;;;Competitive;13.07.2026
52100/54/02;0;13;21/08/2026;27/07/2026;;Premium;13.07.2026
52201/18/05;0;0;30/09/2026;;New Phase 1;Premium;13.07.2026
52400/59/02;0;64;31/08/2026;27/07/2026;;Premium;13.07.2026
52400/74/02;0;32;;27/07/2026;;Premium;13.07.2026
52401/54/05;0;40;;27/07/2026;New Phase 2;Premium;13.07.2026
52501/19/02;0;0;;;Liquidation;Premium;13.07.2026
52501/19/05;0;40;;;New Phase 2;Premium;13.07.2026
52502/01/02;0;154;;21/08/2026;;Competitive;13.07.2026
52502/01/08;0;212;;21/08/2026;;Competitive;13.07.2026
52502/01/11;0;118;;21/08/2026;;Competitive;13.07.2026
52700/28/02;0;0;15/10/2026;27/07/2026;;Premium;13.07.2026
52701/38/05;0;38;;27/07/2026;New Phase 2;Premium;13.07.2026
53100/30/30;0;89;31/08/2026;27/07/2026;;Essential;13.07.2026
53102/24/30;0;37;15/10/2026;;;Competitive;13.07.2026
53103/22/30;0;75;;;;Competitive;13.07.2026
53104/22/30;0;35;;27/07/2026;;Competitive;13.07.2026
53112/36/41;0;0;03/08/2026;27/07/2026;;Essential;13.07.2026
53113/36/41;0;33;;03/08/2026;;Essential;13.07.2026
53115/36/41;0;0;;;New Phase 1;Essential;13.07.2026
53116/36/30;0;0;;;New Phase 1;Essential;13.07.2026
53117/58/41;0;0;;27/07/2026;New Phase 1;Essential;13.07.2026
53901/01/30;0;293;;;;Competitive;13.07.2026
53901/01/41;0;187;;;;Competitive;13.07.2026
53901/12/30;0;318;;;;Competitive;13.07.2026
53901/12/41;0;106;;;;Competitive;13.07.2026
53901/13/30;0;209;;;;Competitive;13.07.2026
53901/13/41;0;83;;;;Competitive;13.07.2026
53909/01/30;0;167;;;;Competitive;13.07.2026
53909/02/30;0;62;;10/08/2026;;Competitive;13.07.2026
53909/03/30;0;196;;;;Competitive;13.07.2026
53910/01/30;0;402;10/08/2026;03/08/2026;;Competitive;13.07.2026
53910/01/31;0;72;;10/08/2026;;Competitive;13.07.2026
53910/02/30;0;500;10/08/2026;27/07/2026;;Competitive;13.07.2026
53910/02/31;0;10;;10/08/2026;;Competitive;13.07.2026
53910/03/30;0;500;03/08/2026;27/07/2026;;Competitive;13.07.2026
53910/03/31;0;102;;10/08/2026;;Competitive;13.07.2026
53914/01/41;0;48;;03/08/2026;New Phase 2;Essential;13.07.2026
53914/02/41;0;44;;03/08/2026;New Phase 2;Essential;13.07.2026
53914/03/41;0;45;;03/08/2026;New Phase 2;Essential;13.07.2026
53914/13/41;0;0;;03/08/2026;New Phase 2;Essential;13.07.2026
53915/01/41;0;0;30/09/2026;;New Phase 1;Competitive;13.07.2026
54500/01/34;0;73;;;;Essential;13.07.2026
54500/01/38;0;214;;;;Essential;13.07.2026
54500/01/43;0;147;;;;Essential;13.07.2026
54500/01/66;0;130;;;;Essential;13.07.2026
55107/15/05;0;0;15/09/2026;;New Phase 1;Premium;13.07.2026
55107/15/08;0;0;15/09/2026;;New Phase 1;Premium;13.07.2026
55900/00/00;0;0;;;;Premium;13.07.2026
55900/00/01;0;0;;;;Premium;13.07.2026
55900/00/05;0;0;;;;Premium;13.07.2026
55900/00/08;0;0;;;;Premium;13.07.2026
55900/01/05;0;146;;;;Premium;13.07.2026
55900/01/08;0;162;;;;Premium;13.07.2026
55900/03/05;0;40;;;;Premium;13.07.2026
55900/03/08;0;41;;;;Premium;13.07.2026
55900/04/05;0;95;;;;Premium;13.07.2026
55900/04/08;0;0;;;;Premium;13.07.2026
55900/05/05;0;43;;;;Premium;13.07.2026
55900/05/08;0;44;;;;Premium;13.07.2026
55900/07/05;0;38;;;;Premium;13.07.2026
55900/07/08;0;38;;;;Premium;13.07.2026
55900/08/05;0;62;;;;Premium;13.07.2026
55900/08/08;0;56;;;;Premium;13.07.2026
55900/09/05;0;32;;;;Premium;13.07.2026
55900/09/08;0;30;;;;Premium;13.07.2026
55900/10/05;0;56;;;;Premium;13.07.2026
55900/10/08;0;40;;;;Premium;13.07.2026
55900/11/05;0;0;;;;Premium;13.07.2026
55900/11/08;0;78;;;;Premium;13.07.2026
55900/13/05;0;39;;;;Premium;13.07.2026
55900/13/08;0;51;;;;Premium;13.07.2026
55900/14/05;0;41;;;;Premium;13.07.2026
55900/14/08;0;41;;;;Premium;13.07.2026
55900/15/99;0;104;;;;Premium;13.07.2026
55900/16/31;0;50;;;;Premium;13.07.2026
55900/17/05;0;0;;;;Premium;13.07.2026
55900/17/08;0;0;;;;Premium;13.07.2026
55900/18/05;0;0;;;;Premium;13.07.2026
55900/18/08;0;0;;;New Phase 2;Premium;13.07.2026
55900/19/05;0;40;;;;Premium;13.07.2026
55900/19/08;0;48;;;;Premium;13.07.2026
55900/20/05;0;0;;;;Premium;13.07.2026
55900/20/08;0;0;;;;Premium;13.07.2026
55900/50/05;0;0;;;;Premium;13.07.2026
55900/50/08;0;0;;;;Premium;13.07.2026
55900/97/05;0;48;;;;Premium;13.07.2026
55900/97/08;0;39;;;;Premium;13.07.2026
55900/98/05;0;49;;;;Premium;13.07.2026
55900/98/08;0;52;;;;Premium;13.07.2026
55901/08/05;0;0;;;;Premium;13.07.2026
55901/08/08;0;0;;;;Premium;13.07.2026
55901/16/05;0;0;;;;Premium;13.07.2026
55901/16/08;0;14;;;;Premium;13.07.2026
55902/10/05;0;0;;;;Premium;13.07.2026
55902/10/08;0;0;;;;Premium;13.07.2026
55902/20/05;0;45;;;;Premium;13.07.2026
55902/20/08;0;52;;;;Premium;13.07.2026
55903/12/05;0;32;;;;Premium;13.07.2026
55903/12/08;0;37;;;;Premium;13.07.2026
55903/24/05;0;33;;;;Premium;13.07.2026
55903/24/08;0;41;;;;Premium;13.07.2026
55904/06/05;0;56;;;;Premium;13.07.2026
55904/06/08;0;60;;;;Premium;13.07.2026
55904/08/05;0;103;;;;Premium;13.07.2026
55904/08/08;0;59;;;;Premium;13.07.2026
55905/08/05;0;34;;;;Premium;13.07.2026
55905/08/08;0;47;;;;Premium;13.07.2026
55906/08/05;0;35;;;;Premium;13.07.2026
55906/08/08;0;47;;;;Premium;13.07.2026
55908/08/05;0;41;;;;Premium;13.07.2026
55908/08/08;0;39;;;;Premium;13.07.2026
55909/10/05;0;15;;;;Premium;13.07.2026
55909/10/08;0;40;;;;Premium;13.07.2026
55910/08/05;0;0;;;New Phase 1;Premium;13.07.2026
55910/08/08;0;0;31/08/2026;;New Phase 1;Premium;13.07.2026
55911/10/05;0;0;15/09/2026;;New Phase 1;Premium;13.07.2026
55911/10/08;0;0;15/09/2026;;New Phase 1;Premium;13.07.2026
55912/10/05;0;0;;;New Phase 1;Premium;13.07.2026
55912/10/08;0;0;15/09/2026;;New Phase 1;Premium;13.07.2026
55920/00/05;0;0;15/09/2026;;New Phase 1;Premium;13.07.2026
55920/00/08;0;0;15/09/2026;;New Phase 1;Premium;13.07.2026
55930/00/05;0;0;15/09/2026;;New Phase 1;Premium;13.07.2026
55930/00/08;0;0;15/09/2026;;New Phase 1;Premium;13.07.2026
55950/08/05;0;0;;;New Phase 2;Premium;13.07.2026
55950/08/08;0;0;;;New Phase 2;Premium;13.07.2026
55951/12/05;0;0;;;New Phase 2;Premium;13.07.2026
55951/12/08;0;0;;;New Phase 2;Premium;13.07.2026
55953/15/05;0;0;;;New Phase 1;Premium;13.07.2026
55953/15/08;0;0;;;New Phase 1;Premium;13.07.2026
55954/08/05;0;0;15/09/2026;;New Phase 1;Premium;13.07.2026
55954/08/08;0;0;15/09/2026;;New Phase 1;Premium;13.07.2026
55954/16/05;0;0;15/09/2026;;New Phase 1;Premium;13.07.2026
55954/16/08;0;0;15/09/2026;;New Phase 1;Premium;13.07.2026
56505/06/15;0;62;;;;Premium;13.07.2026
56505/06/30;0;58;;;;Premium;13.07.2026
56505/06/32;0;54;;;;Premium;13.07.2026
57150/10/30;0;201;;;;Competitive;13.07.2026
57250/10/30;0;228;;;;Competitive;13.07.2026
57251/06/30;0;48;;;;Premium;13.07.2026
57700/03/65;0;0;;;Liquidation;Competitive;13.07.2026
57900/01/65;0;88;;;;Competitive;13.07.2026
57900/04/65;0;167;;;;Competitive;13.07.2026
57900/13/65;0;235;;;;Competitive;13.07.2026
62100/36/96;0;0;15/09/2026;;New Phase 1;Vibes;13.07.2026
62101/20/41;0;0;15/09/2026;;New Phase 1;Vibes;13.07.2026
62400/36/96;0;0;15/09/2026;;New Phase 1;Vibes;13.07.2026
62401/20/41;0;0;15/09/2026;;New Phase 1;Vibes;13.07.2026
62404/05/05;0;0;15/10/2026;;New Phase 1;Vibes;13.07.2026
62404/15/05;0;0;15/10/2026;;New Phase 1;Vibes;13.07.2026
62404/25/05;0;0;15/10/2026;;New Phase 1;Vibes;13.07.2026
62500/12/96;0;0;15/09/2026;;New Phase 1;Vibes;13.07.2026
62605/08/35;0;0;15/09/2026;;New Phase 1;Vibes;13.07.2026
62605/08/41;0;0;15/09/2026;;New Phase 1;Vibes;13.07.2026
62605/08/57;0;0;15/09/2026;;New Phase 1;Vibes;13.07.2026
62700/20/96;0;0;15/09/2026;;New Phase 1;Vibes;13.07.2026
63800/01/30;2;115;;;New Phase 2;Essential;13.07.2026
63800/02/30;2;113;;;New Phase 2;Essential;13.07.2026
64400/36/30;0;0;;;New Phase 1;Premium;13.07.2026
64400/40/30;0;0;;;New Phase 1;Premium;13.07.2026
65206/11/33;3;22;31/08/2026;03/08/2026;;Essential;13.07.2026
65206/11/38;5;24;31/08/2026;;;Essential;13.07.2026
65401/04/05;0;57;;;;Essential;13.07.2026
65401/04/41;0;48;;;;Essential;13.07.2026
65404/40/38;0;71;31/08/2026;;;Essential;13.07.2026
65404/40/41;0;110;;;;Essential;13.07.2026
65404/40/53;0;37;;03/08/2026;;Essential;13.07.2026
65405/56/38;0;38;;03/08/2026;;Vibes;13.07.2026
65405/56/41;0;34;;03/08/2026;;Vibes;13.07.2026
65500/01/33;0;56;;03/08/2026;;Essential;13.07.2026
65500/01/55;0;96;;;;Essential;13.07.2026
65501/01/05;0;65;;;;Essential;13.07.2026
65501/01/41;0;47;;;;Essential;13.07.2026
65502/33/38;0;6;15/10/2026;03/08/2026;;Vibes;13.07.2026
65502/33/41;0;0;15/10/2026;03/08/2026;;Vibes;13.07.2026
65502/33/53;0;0;15/10/2026;03/08/2026;;Vibes;13.07.2026
65502/52/38;0;0;15/10/2026;03/08/2026;;Vibes;13.07.2026
65502/52/41;0;0;15/10/2026;03/08/2026;;Vibes;13.07.2026
65502/52/53;0;0;15/10/2026;03/08/2026;;Vibes;13.07.2026
65503/01/38;0;33;;03/08/2026;;Vibes;13.07.2026
65503/01/41;0;35;;03/08/2026;;Vibes;13.07.2026
65506/01/33;2;60;31/08/2026;;;Essential;13.07.2026
65506/01/38;1;42;31/08/2026;;;Essential;13.07.2026
65701/02/05;0;49;31/10/2026;;;Essential;13.07.2026
65701/02/41;0;86;31/08/2026;;;Essential;13.07.2026
65702/01/38;0;25;;03/08/2026;;Vibes;13.07.2026
65702/01/41;0;31;;03/08/2026;;Vibes;13.07.2026
65705/01/38;0;40;;03/08/2026;;Vibes;13.07.2026
65705/01/41;0;37;;03/08/2026;;Vibes;13.07.2026
65706/01/33;2;15;31/08/2026;;;Essential;13.07.2026
65706/01/38;0;76;31/08/2026;;;Essential;13.07.2026
65901/01/05;0;108;;;;Essential;13.07.2026
65901/01/41;0;100;;;;Essential;13.07.2026
65901/02/05;0;68;;;;Essential;13.07.2026
65901/02/41;0;58;;;;Essential;13.07.2026
65901/04/05;0;74;;;;Essential;13.07.2026
65901/04/41;0;63;;;;Essential;13.07.2026
65901/13/05;0;70;;;;Essential;13.07.2026
65901/13/41;0;62;;;;Essential;13.07.2026
66800/07/30;0;77;;;;Essential;13.07.2026
66800/08/30;0;77;;;;Essential;13.07.2026
68200/06/15;0;48;;;;Premium;13.07.2026
68200/06/96;0;41;;;;Premium;13.07.2026
68210/06/30;0;46;;;;Neutral;13.07.2026
68210/09/30;0;66;;;;Neutral;13.07.2026
68211/81/30;0;36;;;;Neutral;13.07.2026
68211/82/30;0;51;;;;Neutral;13.07.2026
68400/75/15;0;38;;;;Premium;13.07.2026
68400/75/96;0;37;;;;Premium;13.07.2026
68400/92/15;0;42;;;;Premium;13.07.2026
68400/92/96;0;32;;;;Premium;13.07.2026
68500/05/15;0;53;;;;Premium;13.07.2026
68500/05/96;0;51;;;;Premium;13.07.2026
68510/11/30;0;133;;;;Neutral;13.07.2026
68511/81/30;0;49;;;;Neutral;13.07.2026
68700/05/15;0;54;;;;Premium;13.07.2026
68700/05/96;0;35;;;;Premium;13.07.2026
68710/33/30;0;53;;;;Neutral;13.07.2026
68711/81/30;0;61;;;;Neutral;13.07.2026
68711/82/30;0;47;;;;Neutral;13.07.2026
69200/06/30;0;180;;31/08/2026;;Competitive;13.07.2026
69200/06/31;0;103;;;;Competitive;13.07.2026
69201/06/30;0;210;;;;Competitive;13.07.2026
69201/06/31;0;220;;;;Competitive;13.07.2026
69800/01/30;0;322;;;;Competitive;13.07.2026
69800/01/31;0;210;;;;Competitive;13.07.2026
69800/02/30;0;89;;31/08/2026;;Competitive;13.07.2026
69800/02/31;0;444;;;;Competitive;13.07.2026
69801/01/30;0;256;;;;Competitive;13.07.2026
69801/01/31;0;500;;;;Competitive;13.07.2026
69801/02/30;0;163;;31/08/2026;;Competitive;13.07.2026
69801/02/31;0;397;;;;Competitive;13.07.2026
69802/01/30;0;500;;;;Competitive;13.07.2026
69802/02/30;0;284;;;;Competitive;13.07.2026
69803/01/30;0;127;;;;Competitive;13.07.2026
69803/02/30;0;479;;;;Competitive;13.07.2026
69805/12/30;0;204;;;;Competitive;13.07.2026
69805/12/97;0;0;15/09/2026;;New Phase 1;Competitive;13.07.2026
69806/12/30;0;211;;;;Competitive;13.07.2026
69807/09/97;0;0;15/08/2026;;New Phase 1;Essential;13.07.2026
69807/10/97;0;0;31/08/2026;;New Phase 1;Essential;13.07.2026
69807/18/97;0;0;15/08/2026;;New Phase 1;Essential;13.07.2026
69807/19/97;0;0;31/08/2026;;New Phase 1;Essential;13.07.2026
69808/12/99;0;0;31/08/2026;;New Phase 1;Essential;13.07.2026
69809/12/99;0;0;31/08/2026;;New Phase 1;Essential;13.07.2026
69810/07/30;0;0;31/08/2026;;New Phase 1;Essential;13.07.2026
69810/07/97;0;0;;31/08/2026;New Phase 1;Essential;13.07.2026
69811/07/30;0;0;31/08/2026;;New Phase 1;Essential;13.07.2026
69811/07/97;0;0;;31/08/2026;New Phase 1;Essential;13.07.2026
69814/01/97;0;0;31/08/2026;;New Phase 1;Essential;13.07.2026
69815/01/97;0;0;31/08/2026;;New Phase 1;Essential;13.07.2026
69815/02/97;0;0;31/08/2026;;New Phase 1;Essential;13.07.2026
69816/06/11;0;0;15/09/2026;;New Phase 1;Essential;13.07.2026
69816/06/41;0;0;15/09/2026;;New Phase 1;Essential;13.07.2026
69817/06/11;0;0;15/09/2026;;New Phase 1;Essential;13.07.2026
69817/06/41;0;0;15/09/2026;;New Phase 1;Essential;13.07.2026
69818/10/41;0;0;31/08/2026;;New Phase 1;Essential;13.07.2026
69819/10/41;0;0;31/08/2026;;New Phase 1;Essential;13.07.2026
69820/12/11;0;0;15/09/2026;;New Phase 1;Essential;13.07.2026
69820/12/41;0;0;15/09/2026;;New Phase 1;Essential;13.07.2026
69820/12/96;0;0;15/09/2026;;New Phase 1;Essential;13.07.2026
69821/12/11;0;0;15/09/2026;;New Phase 1;Essential;13.07.2026
69821/12/41;0;0;15/09/2026;;New Phase 1;Essential;13.07.2026
69821/12/96;0;0;15/09/2026;;New Phase 1;Essential;13.07.2026
69822/01/41;0;0;15/09/2026;;New Phase 1;Essential;13.07.2026
69822/02/41;0;0;15/09/2026;;New Phase 1;Essential;13.07.2026
69823/01/41;0;0;15/09/2026;;New Phase 1;Essential;13.07.2026
69823/02/41;0;0;15/09/2026;;New Phase 1;Essential;13.07.2026
70284/01/11;0;0;;;Liquidation;Competitive;13.07.2026
70483/03/11;4;0;;;Liquidation;Competitive;13.07.2026
70583/01/11;2;0;;;Dropped out;;13.07.2026
71100/40/09;0;231;;;;Neutral;13.07.2026
71101/48/02;0;284;;;;Neutral;13.07.2026
71102/40/30;1;38;;27/07/2026;;Neutral;13.07.2026
71102/40/31;0;56;;;;Neutral;13.07.2026
71367/50/31;0;223;;;;Neutral;13.07.2026
71590/03/31;0;153;;;;Competitive;13.07.2026
71591/03/66;0;54;;31/08/2026;;Competitive;13.07.2026
71592/03/85;0;81;;;;Competitive;13.07.2026
71593/03/30;0;70;;31/08/2026;;Competitive;13.07.2026
71767/50/31;0;43;;;;Neutral;13.07.2026
73406/01/30;0;117;;;;Neutral;13.07.2026
73406/05/30;0;36;;;;Neutral;13.07.2026
74114/01/02;0;107;;;;Competitive;13.07.2026
74114/01/30;0;41;30/09/2026;;;Competitive;13.07.2026
74114/03/02;0;139;;;;Competitive;13.07.2026
74114/03/30;0;0;;;Liquidation;Competitive;13.07.2026
74116/03/02;0;60;30/09/2026;;;Neutral;13.07.2026
74116/03/30;0;63;;;;Neutral;13.07.2026
74119/15/30;0;0;;27/07/2026;;Neutral;13.07.2026
74217/01/44;0;0;;;Liquidation;Neutral;13.07.2026
74217/01/66;0;0;;;Liquidation;Neutral;13.07.2026
74403/04/30;0;164;;;;Neutral;13.07.2026
74403/06/30;0;0;;;Liquidation;Neutral;13.07.2026
74404/01/65;0;70;30/09/2026;;;Neutral;13.07.2026
74404/05/65;0;45;;;;Neutral;13.07.2026
74404/13/65;0;42;15/10/2026;;;Neutral;13.07.2026
74405/01/62;0;0;15/10/2026;27/07/2026;;Competitive;13.07.2026
74405/03/62;0;85;;;;Competitive;13.07.2026
74405/13/62;0;62;15/10/2026;;;Competitive;13.07.2026
74410/01/65;0;0;;;Liquidation;Competitive;13.07.2026
74417/01/33;6;0;;;Dropped out;;13.07.2026
74417/01/66;37;0;;;Dropped out;;13.07.2026
74419/07/30;0;35;;;;Neutral;13.07.2026
74419/20/30;0;60;30/09/2026;;;Neutral;13.07.2026
74419/25/30;0;48;30/09/2026;;;Neutral;13.07.2026
74420/05/65;0;0;;27/07/2026;New Phase 1;Premium;13.07.2026
74420/07/65;0;29;;;;Premium;13.07.2026
74420/12/65;0;0;;27/07/2026;;Premium;13.07.2026
74420/14/65;0;33;30/09/2026;;;Premium;13.07.2026
74519/05/30;0;1;;27/07/2026;;Neutral;13.07.2026
76164/40/30;0;49;;;;Competitive;13.07.2026
76464/01/30;0;53;;;;Competitive;13.07.2026
76464/02/30;0;42;;;;Competitive;13.07.2026
76464/03/30;0;50;;;;Competitive;13.07.2026
77185/30/30;1;0;;;Dropped out;;13.07.2026
77185/40/30;1;0;;;Dropped out;;13.07.2026
77280/05/30;0;58;;;;Competitive;13.07.2026
77280/05/31;0;59;;;;Competitive;13.07.2026
77281/01/36;4;0;;;Dropped out;;13.07.2026
77286/02/30;0;75;;;;Neutral;13.07.2026
77286/02/31;0;53;;;;Neutral;13.07.2026
77287/05/30;0;62;;;;Neutral;13.07.2026
77288/03/02;0;460;;;;Competitive;13.07.2026
77288/03/30;0;151;;;;Competitive;13.07.2026
77288/03/31;0;313;;;;Competitive;13.07.2026
77289/03/02;0;156;;;;Competitive;13.07.2026
77289/03/30;0;113;15/09/2026;;;Competitive;13.07.2026
77289/03/31;1;64;30/09/2026;;;Competitive;13.07.2026
77292/12/33;0;132;;;;Essential;13.07.2026
77292/12/41;0;115;;;;Essential;13.07.2026
77292/12/55;0;128;;;;Essential;13.07.2026
77489/33/33;0;80;;;;Competitive;13.07.2026
77489/33/41;0;75;31/08/2026;;;Competitive;13.07.2026
77489/33/66;0;62;31/08/2026;;;Competitive;13.07.2026
77490/26/15;0;64;;;;Neutral;13.07.2026
77490/26/34;0;73;;;;Neutral;13.07.2026
77492/07/41;0;69;;;;Essential;13.07.2026
77492/07/55;0;67;;;;Essential;13.07.2026
77493/07/33;0;49;;;;Essential;13.07.2026
77493/07/41;0;44;;;;Essential;13.07.2026
77500/01/31;0;500;;;;Competitive;13.07.2026
77500/01/36;0;500;;;;Competitive;13.07.2026
77500/01/43;0;500;;;;Competitive;13.07.2026
77500/01/66;0;500;;;;Competitive;13.07.2026
77591/15/33;0;58;;;;Essential;13.07.2026
77591/15/41;0;57;;;;Essential;13.07.2026
77974/15/21;24;0;;;Dropped out;;13.07.2026
77975/05/30;1;0;;;Dropped out;;13.07.2026
77977/01/30;0;214;;;;Competitive;13.07.2026
77977/12/30;0;500;;;;Competitive;13.07.2026
77977/13/30;0;284;;;;Competitive;13.07.2026
77978/01/02;6;128;;;;Competitive;13.07.2026
77978/01/30;0;130;;;;Competitive;13.07.2026
77978/02/02;0;160;;;;Competitive;13.07.2026
77978/02/30;0;153;;;;Competitive;13.07.2026
77978/04/02;0;54;;;;Competitive;13.07.2026
77978/04/30;0;43;;03/08/2026;;Competitive;13.07.2026
77978/13/02;0;113;;;;Competitive;13.07.2026
77978/13/30;0;105;15/09/2026;;;Competitive;13.07.2026
77979/01/02;0;148;15/09/2026;03/08/2026;;Competitive;13.07.2026
77979/01/30;0;64;31/10/2026;03/08/2026;;Competitive;13.07.2026
77979/02/02;0;82;31/10/2026;03/08/2026;;Competitive;13.07.2026
77979/02/30;0;54;31/10/2026;;;Competitive;13.07.2026
77979/04/02;0;87;;03/08/2026;;Competitive;13.07.2026
77979/04/30;0;64;;;;Competitive;13.07.2026
77979/13/02;0;162;15/09/2026;;;Competitive;13.07.2026
77979/13/30;0;122;;;;Competitive;13.07.2026
77980/01/30;0;468;;;;Competitive;13.07.2026
77980/02/30;0;422;;;;Competitive;13.07.2026
77980/04/30;0;61;;;;Competitive;13.07.2026
77980/13/30;0;326;;;;Competitive;13.07.2026
78100/42/30;0;85;;;;Competitive;13.07.2026
78101/60/30;0;101;;;;Competitive;13.07.2026
78102/30/41;0;98;15/09/2026;10/08/2026;;Competitive;13.07.2026
78102/72/41;0;144;;;;Competitive;13.07.2026
78150/35/60;0;447;;;;Neutral;13.07.2026
78150/48/60;0;475;;;;Neutral;13.07.2026
78151/12/61;1;46;;;;Competitive;13.07.2026
78151/18/61;0;131;;;;Competitive;13.07.2026
78174/40/30;0;359;31/08/2026;21/08/2026;;Competitive;13.07.2026
78174/40/31;0;500;;;;Competitive;13.07.2026
78174/40/33;0;48;15/09/2026;21/08/2026;;Competitive;13.07.2026
78174/40/36;0;114;;;;Competitive;13.07.2026
78199/01/30;0;354;;;;Competitive;13.07.2026
78200/22/30;0;51;;;;Neutral;13.07.2026
78200/33/30;0;56;;;;Neutral;13.07.2026
78274/01/30;0;113;;;;Competitive;13.07.2026
78374/50/30;0;56;;;;Competitive;13.07.2026
78385/20/31;2;0;;;Dropped out;;13.07.2026
78385/32/31;1;0;;;Dropped out;;13.07.2026
78392/01/30;1;0;;;Dropped out;;13.07.2026
78403/40/30;0;84;;;;Essential;13.07.2026
78403/40/41;0;82;;;;Essential;13.07.2026
78404/59/31;0;116;;;New Phase 1;Essential;13.07.2026
78405/36/05;0;0;10/10/2026;;New Phase 1;Vibes;13.07.2026
78502/14/41;0;111;;;;Essential;13.07.2026
78505/12/05;0;0;10/10/2026;;New Phase 1;Vibes;13.07.2026
78583/34/30;1;0;;;Dropped out;;13.07.2026
78595/01/02;0;83;;;;Competitive;13.07.2026
78595/01/30;0;105;;;;Competitive;13.07.2026
78596/01/30;0;93;;;;Competitive;13.07.2026
78598/01/30;0;500;;;;Competitive;13.07.2026
78599/01/30;0;78;;;;Competitive;13.07.2026
78702/48/41;0;0;15/09/2026;;New Phase 1;Essential;13.07.2026
78705/36/05;0;0;10/10/2026;;New Phase 1;Vibes;13.07.2026
79110/30/30;0;207;;;;Competitive;13.07.2026
79110/30/31;0;75;31/10/2026;;;Competitive;13.07.2026
79110/35/31;0;10;;;;Competitive;13.07.2026
79110/40/31;0;333;;;;Competitive;13.07.2026
79111/24/30;0;200;;10/08/2026;;Competitive;13.07.2026
79111/24/31;0;499;;;;Competitive;13.07.2026
79111/30/30;0;51;;10/08/2026;;Competitive;13.07.2026
79111/30/31;0;32;31/10/2026;;;Competitive;13.07.2026
79111/36/30;0;466;;;;Competitive;13.07.2026
79111/36/31;0;246;;;;Competitive;13.07.2026
79111/40/30;0;439;;;;Competitive;13.07.2026
79111/40/31;0;181;;;;Competitive;13.07.2026
79158/01/12;0;74;;;;Competitive;13.07.2026
79158/01/31;0;138;;;;Competitive;13.07.2026
79158/02/12;0;193;;;;Competitive;13.07.2026
79158/02/31;0;235;;;;Competitive;13.07.2026
79177/06/01;0;102;30/09/2026;;;Competitive;13.07.2026
79177/06/30;0;176;;;;Competitive;13.07.2026
79177/06/31;0;68;15/10/2026;;;Competitive;13.07.2026
79177/12/01;0;84;31/10/2026;10/08/2026;;Competitive;13.07.2026
79177/12/30;0;115;;;;Competitive;13.07.2026
79177/12/31;0;78;;;;Competitive;13.07.2026
79182/18/30;0;138;;;;Competitive;13.07.2026
79182/18/31;0;79;;;;Competitive;13.07.2026
79182/24/30;0;90;;;;Competitive;13.07.2026
79182/24/31;0;92;;;;Competitive;13.07.2026
79182/36/30;0;53;;;;Competitive;13.07.2026
79182/36/31;0;78;;;;Competitive;13.07.2026
79185/20/02;0;79;15/10/2026;;;Competitive;13.07.2026
79185/20/30;0;74;30/09/2026;;;Competitive;13.07.2026
79185/20/31;0;64;30/09/2026;;;Competitive;13.07.2026
79185/30/02;0;126;21/08/2026;10/08/2026;;Competitive;13.07.2026
79185/30/30;0;147;21/08/2026;10/08/2026;;Competitive;13.07.2026
79185/30/31;0;126;31/10/2026;;;Competitive;13.07.2026
79185/40/02;0;97;31/10/2026;;;Competitive;13.07.2026
79185/40/30;0;101;;;;Competitive;13.07.2026
79185/40/31;0;51;;10/08/2026;;Competitive;13.07.2026
79185/50/02;0;51;;10/08/2026;;Competitive;13.07.2026
79185/50/30;0;30;31/10/2026;;;Competitive;13.07.2026
79185/50/31;0;88;;;;Competitive;13.07.2026
79185/80/02;0;36;;;;Competitive;13.07.2026
79185/80/30;0;55;;;;Competitive;13.07.2026
79185/80/31;0;53;;;;Competitive;13.07.2026
79187/01/02;0;265;;;;Competitive;13.07.2026
79187/01/30;0;158;;;;Competitive;13.07.2026
79187/01/31;1;55;;10/08/2026;;Competitive;13.07.2026
79190/24/61;0;500;;10/08/2026;;Competitive;13.07.2026
79190/36/61;0;186;;10/08/2026;;Competitive;13.07.2026
79190/45/61;0;500;;;;Competitive;13.07.2026
79198/22/61;4;481;;;;Competitive;13.07.2026
79198/32/61;0;147;;;;Competitive;13.07.2026
79198/42/61;0;500;;;;Competitive;13.07.2026
79199/14/61;0;500;;;;Competitive;13.07.2026
79199/26/61;0;500;;;;Competitive;13.07.2026
79199/32/61;0;500;;;;Competitive;13.07.2026
79200/08/30;0;0;15/10/2026;10/08/2026;;Neutral;13.07.2026
79200/08/31;0;62;;10/08/2026;;Neutral;13.07.2026
79201/09/30;0;75;;;;Competitive;13.07.2026
79201/09/31;0;53;;;;Competitive;13.07.2026
79297/08/12;0;212;;;;Competitive;13.07.2026
79297/12/12;0;121;;;;Competitive;13.07.2026
79581/05/30;0;82;;;;Neutral;13.07.2026
79781/05/30;0;61;31/10/2026;;;Neutral;13.07.2026
79781/10/30;0;65;30/09/2026;;;Neutral;13.07.2026
80102/06/62;31;0;;;Dropped out;;13.07.2026
80104/06/62;31;0;;;Dropped out;;13.07.2026
80105/06/62;31;0;;;Dropped out;;13.07.2026
80151/01/70;0;88;;;;Neutral;13.07.2026
80171/01/70;0;78;;;;Neutral;13.07.2026
81901/25/31;0;349;;;;Competitive;13.07.2026
91/00524/00;0;45;;;;Neutral;13.07.2026
91/02404/60;0;6;;;;Neutral;13.07.2026
91/03413/41;1;6;;;;Neutral;13.07.2026
91/03707/41;3;0;;;Dropped out;;13.07.2026
91/03843/21;0;183;;;;Neutral;13.07.2026
91/04202/30;0;0;;;;Neutral;13.07.2026
91/05747/30;0;0;;;;Competitive;13.07.2026
91/05747/97;0;0;31/08/2026;;;Competitive;13.07.2026
91/06417/30;0;0;;;Liquidation;Neutral;13.07.2026
91/08109/33;0;0;;;;Competitive;13.07.2026
91/08408/30;5;35;;;;Neutral;13.07.2026
91/09831/30;0;70;;;;Neutral;13.07.2026
91/09831/31;0;36;;;;Neutral;13.07.2026
91/09926/30;0;36;;;;Neutral;13.07.2026
91/10503/30;0;6;;;;Neutral;13.07.2026
91/10519/30;0;1;;;;Neutral;13.07.2026
91/10519/33;0;0;;;;Neutral;13.07.2026
91/10519/44;0;0;;;;Neutral;13.07.2026
91/10519/53;0;1;;;;Neutral;13.07.2026
91/10719/30;0;0;;;;Neutral;13.07.2026
91/10719/33;0;0;;;;Neutral;13.07.2026
91/10719/44;0;5;;;;Neutral;13.07.2026
91/10719/53;0;0;;;;Neutral;13.07.2026
91/13958/30;0;0;;;;Neutral;13.07.2026
91/14899/60;0;85;;;;Neutral;13.07.2026
91/21435/25;0;10;;;;Neutral;13.07.2026
91/21442/40;0;0;;;;Neutral;13.07.2026
91/21442/60;0;0;;;;Neutral;13.07.2026
91/22969/12;0;2;;;;Competitive;13.07.2026
91/22974/30;0;18;;;;Neutral;13.07.2026
91/23461/00;0;1;;;;Neutral;13.07.2026
91/24205/05;0;0;15/10/2026;10/08/2026;;Vibes;13.07.2026
91/24407/00;0;27;;;;Neutral;13.07.2026
91/27100/30;0;47;;;;Neutral;13.07.2026
91/27881/30;0;2;;;;Neutral;13.07.2026
91/30188/30;0;0;;;;Neutral;13.07.2026
91/30460/38;0;2;;;;Neutral;13.07.2026
91/30672/00;0;66;;;;Neutral;13.07.2026
91/30793/72;1;0;;;Dropped out;;13.07.2026
91/30794/00;0;18;;;;Neutral;13.07.2026
91/30794/36;0;3;;;;Neutral;13.07.2026
91/30794/72;0;0;;;Liquidation;Neutral;13.07.2026
91/31459/36;1;0;;;Dropped out;;13.07.2026
91/31798/97;0;0;;;Liquidation;Neutral;13.07.2026
91/34539/41;0;11;;;;Neutral;13.07.2026
91/34540/02;0;0;31/08/2026;;;Neutral;13.07.2026
91/35100/00;0;47;;;;Neutral;13.07.2026
91/36712/30;0;32;;;;Neutral;13.07.2026
91/36712/61;0;0;;;;Competitive;13.07.2026
91/42502/30;1;0;;;Dropped out;;13.07.2026
91/42702/30;7;0;;;Liquidation;Neutral;13.07.2026
91/42702/41;1;0;;;Dropped out;;13.07.2026
91/45259/15;0;0;;;Liquidation;Neutral;13.07.2026
91/45409/18;0;3;;;;Neutral;13.07.2026
91/45409/19;0;2;;;;Neutral;13.07.2026
91/45409/20;0;8;;;;Neutral;13.07.2026
91/45409/21;0;5;;;;Neutral;13.07.2026
91/45409/23;0;8;;;;Neutral;13.07.2026
91/45409/24;0;6;;;;Neutral;13.07.2026
91/45409/26;0;8;;;;Neutral;13.07.2026
91/45409/27;0;6;;;;Neutral;13.07.2026
91/45459/18;0;1;;;;Neutral;13.07.2026
91/45459/20;0;0;;;Liquidation;Neutral;13.07.2026
91/45459/23;0;2;;;;Neutral;13.07.2026
91/45459/26;0;0;;;Liquidation;Neutral;13.07.2026
91/45494/06;0;16;;;;Neutral;13.07.2026
91/45494/30;0;9;15/09/2026;;;Neutral;13.07.2026
91/45709/45;0;3;;;;Neutral;13.07.2026
91/45709/46;0;2;;;;Neutral;13.07.2026
91/46403/00;0;34;;;;Neutral;13.07.2026
91/46403/11;0;8;;;;Neutral;13.07.2026
91/46520/02;0;1;;;;Neutral;13.07.2026
91/46520/08;0;0;;;;Neutral;13.07.2026
91/46520/17;0;3;;;;Neutral;13.07.2026
91/47507/43;0;0;;;Liquidation;Neutral;13.07.2026
91/68211/31;0;23;;;;Neutral;13.07.2026
91/68511/31;0;13;;;;Neutral;13.07.2026
91/71536/41;1;2;;;;Neutral;13.07.2026
91/74404/12;0;29;;;;Neutral;13.07.2026
91/74404/65;0;0;;;;Neutral;13.07.2026
91/74405/03;0;7;;;;Neutral;13.07.2026
91/74420/15;0;8;;;;Neutral;13.07.2026
91/74420/25;0;8;;;;Neutral;13.07.2026
91/74420/50;0;7;;;;Neutral;13.07.2026
91/79185/20;0;20;;;;Competitive;13.07.2026
91/79185/30;0;9;30/09/2026;;;Competitive;13.07.2026
91/79185/40;0;17;;;;Competitive;13.07.2026
91/79185/50;0;1;;10/08/2026;;Competitive;13.07.2026
91/79185/60;1;19;;;;Competitive;13.07.2026
91/79185/80;0;0;30/09/2026;10/08/2026;;Competitive;13.07.2026
91/79200/08;0;0;;;;Neutral;13.07.2026
91/90000/30;0;156;;;;Neutral;13.07.2026
91/90001/30;0;500;;;;Neutral;13.07.2026
91/90019/31;0;0;;;Liquidation;Neutral;13.07.2026
91/90024/30;0;19;;;;Neutral;13.07.2026
91/90025/30;0;32;;;;Neutral;13.07.2026
91/90026/30;0;4;;27/07/2026;;Neutral;13.07.2026
91/90100/30;0;185;;;;Neutral;13.07.2026
91/90101/30;0;0;;;;Neutral;13.07.2026
91/90101/60;0;0;;;;Neutral;13.07.2026
91/90102/30;0;0;;;;Neutral;13.07.2026
91/90103/30;0;0;;;;Neutral;13.07.2026
91000/00/00;5;0;;;;Neutral;13.07.2026
92/00430/60;0;0;15/10/2026;;;Neutral;13.07.2026
92/03433/60;0;3;;;;Neutral;13.07.2026
92/04202/61;0;6;;;;Neutral;13.07.2026
92/04203/60;0;15;;;;Neutral;13.07.2026
92/04203/61;0;1;;;;Neutral;13.07.2026
92/04211/61;0;8;;;;Neutral;13.07.2026
92/04215/02;0;2;;;;Neutral;13.07.2026
92/04215/30;0;2;;;;Neutral;13.07.2026
92/05522/60;0;16;;;;Neutral;13.07.2026
92/05538/61;0;6;;27/07/2026;;Neutral;13.07.2026
92/05539/61;0;0;;27/07/2026;;Neutral;13.07.2026
92/05548/61;0;9;;;;Neutral;13.07.2026
92/05550/15;0;12;;;;Neutral;13.07.2026
92/05550/20;0;14;;;;Neutral;13.07.2026
92/05551/61;0;9;;;;Neutral;13.07.2026
92/05552/61;0;13;;;;Neutral;13.07.2026
92/06520/61;0;0;;;Liquidation;Neutral;13.07.2026
92/07104/00;0;14;;;;Neutral;13.07.2026
92/07213/67;0;12;;;;Neutral;13.07.2026
92/09205/00;2;44;;;;Neutral;13.07.2026
92/09400/00;2;0;;;Dropped out;;13.07.2026
92/10125/41;0;10;30/09/2026;10/08/2026;;Neutral;13.07.2026
92/10125/53;0;22;;;;Neutral;13.07.2026
92/10125/61;0;139;;;;Neutral;13.07.2026
92/10410/65;0;0;;;Liquidation;Neutral;13.07.2026
92/10526/61;0;5;;;;Neutral;13.07.2026
92/10527/61;0;14;;;;Neutral;13.07.2026
92/10725/41;0;30;;;;Neutral;13.07.2026
92/10725/53;0;29;;;;Neutral;13.07.2026
92/11811/60;0;0;15/10/2026;;;Neutral;13.07.2026
92/11870/00;2;14;;;;Neutral;13.07.2026
92/11870/67;0;27;;;;Neutral;13.07.2026
92/11871/00;0;13;31/10/2026;;;Neutral;13.07.2026
92/11871/01;0;20;;;;Neutral;13.07.2026
92/11874/60;0;0;;;Liquidation;Neutral;13.07.2026
92/12157/00;0;126;;;;Neutral;13.07.2026
92/12315/00;0;98;;;;Neutral;13.07.2026
92/12450/00;0;122;;;;Neutral;13.07.2026
92/12561/00;3;0;;03/08/2026;;Neutral;13.07.2026
92/13135/31;0;0;;;;Competitive;13.07.2026
92/13452/31;0;4;;;;Neutral;13.07.2026
92/13452/32;0;3;;;;Neutral;13.07.2026
92/13494/60;0;34;;;;Neutral;13.07.2026
92/13494/62;0;35;31/08/2026;;;Neutral;13.07.2026
92/13544/61;0;1;;;;Neutral;13.07.2026
92/13594/60;0;1;;;New Phase 1;Neutral;13.07.2026
92/13702/00;1;0;;;Dropped out;;13.07.2026
92/14880/30;0;9;;;;Neutral;13.07.2026
92/14881/00;0;2;15/10/2026;;;Neutral;13.07.2026
92/14882/60;0;9;;;;Neutral;13.07.2026
92/14893/60;2;25;;;;Neutral;13.07.2026
92/17504/03;0;2;;03/08/2026;;Neutral;13.07.2026
92/17504/11;0;3;;;;Neutral;13.07.2026
92/17553/00;0;0;;;Liquidation;Neutral;13.07.2026
92/17993/65;0;0;;;;Neutral;13.07.2026
92/17999/65;0;13;;;;Competitive;13.07.2026
92/19792/00;0;17;;;;Neutral;13.07.2026
92/19792/01;0;5;;;;Neutral;13.07.2026
92/21430/30;0;0;;;Liquidation;Neutral;13.07.2026
92/21441/62;0;4;;21/08/2026;;Vibes;13.07.2026
92/24404/61;0;46;;;;Neutral;13.07.2026
92/24406/96;0;29;15/10/2026;;;Neutral;13.07.2026
92/25114/42;0;23;;;;Premium;13.07.2026
92/25115/61;0;8;;;;Neutral;13.07.2026
92/25115/65;0;10;;;;Neutral;13.07.2026
92/25117/61;0;0;;;;Neutral;13.07.2026
92/25117/62;0;4;;;;Neutral;13.07.2026
92/25117/65;0;0;;;;Neutral;13.07.2026
92/25400/38;0;2;;;Liquidation;Neutral;13.07.2026
92/25401/45;0;0;;;Liquidation;Neutral;13.07.2026
92/25405/20;0;0;;;Liquidation;Neutral;13.07.2026
92/25405/30;0;0;;;;Neutral;13.07.2026
92/25405/41;0;5;;;;Neutral;13.07.2026
92/25413/61;0;0;31/08/2026;;;Neutral;13.07.2026
92/25414/20;0;32;;;;Premium;13.07.2026
92/25414/50;0;21;;;;Premium;13.07.2026
92/25415/61;0;8;;;;Neutral;13.07.2026
92/25415/65;0;5;;;;Neutral;13.07.2026
92/25417/00;0;2;;;;Neutral;13.07.2026
92/25417/61;0;0;;;;Neutral;13.07.2026
92/25417/62;0;0;;;;Neutral;13.07.2026
92/25417/65;0;0;;;;Neutral;13.07.2026
92/25516/61;0;10;;;;Competitive;13.07.2026
92/27100/60;0;36;;;;Neutral;13.07.2026
92/27821/60;0;16;;;;Neutral;13.07.2026
92/27883/01;0;0;;;;Neutral;13.07.2026
92/27883/02;0;0;;;;Neutral;13.07.2026
92/27883/03;0;0;;;;Neutral;13.07.2026
92/27883/14;0;8;;;;Neutral;13.07.2026
92/27883/20;0;2;;;;Neutral;13.07.2026
92/27883/22;0;1;;;;Neutral;13.07.2026
92/27883/27;0;11;;;;Neutral;13.07.2026
92/27883/28;0;3;;;;Neutral;13.07.2026
92/27883/39;0;25;;;;Neutral;13.07.2026
92/27883/44;0;4;;;;Neutral;13.07.2026
92/28850/00;0;3;;03/08/2026;;Neutral;13.07.2026
92/30186/62;0;4;;;;Neutral;13.07.2026
92/30267/61;0;1;;;;Neutral;13.07.2026
92/30460/60;0;0;;;Liquidation;Neutral;13.07.2026
92/30491/61;0;5;;;;Neutral;13.07.2026
92/34351/00;1;0;;;Dropped out;;13.07.2026
92/34438/20;0;37;;;;Neutral;13.07.2026
92/34438/28;1;31;31/10/2026;14/07/2026;;Neutral;13.07.2026
92/34438/29;0;0;;;;Neutral;13.07.2026
92/34438/40;0;0;15/10/2026;;;Neutral;13.07.2026
92/34438/41;0;0;;;;Neutral;13.07.2026
92/34728/00;1;0;;;Dropped out;;13.07.2026
92/45101/40;0;0;10/08/2026;27/07/2026;;Neutral;13.07.2026
92/45194/25;1;30;;;;Neutral;13.07.2026
92/45200/61;0;77;;;;Neutral;13.07.2026
92/45386/14;0;29;;;;Neutral;13.07.2026
92/45386/20;0;20;;;;Neutral;13.07.2026
92/45386/21;0;15;;;;Neutral;13.07.2026
92/45386/30;0;36;;;;Neutral;13.07.2026
92/45386/31;0;25;;;;Neutral;13.07.2026
92/45401/50;0;5;;;;Neutral;13.07.2026
92/45402/20;0;33;15/09/2026;;;Neutral;13.07.2026
92/45402/30;0;0;15/09/2026;;;Neutral;13.07.2026
92/45405/16;0;32;;;;Neutral;13.07.2026
92/45405/21;0;31;;;;Neutral;13.07.2026
92/45408/31;0;7;15/10/2026;;;Neutral;13.07.2026
92/45408/32;0;6;15/09/2026;10/08/2026;;Neutral;13.07.2026
92/45408/33;0;25;;;;Neutral;13.07.2026
92/45408/60;0;0;15/09/2026;;;Neutral;13.07.2026
92/45408/61;0;26;15/09/2026;;;Neutral;13.07.2026
92/45408/62;0;29;;;;Neutral;13.07.2026
92/45408/64;0;13;15/09/2026;;;Neutral;13.07.2026
92/45408/65;0;8;15/09/2026;10/08/2026;;Neutral;13.07.2026
92/45408/66;0;0;10/08/2026;27/07/2026;;Neutral;13.07.2026
92/45410/61;0;30;;;;Neutral;13.07.2026
92/45474/65;2;30;30/09/2026;;;Neutral;13.07.2026
92/45491/61;0;33;;;;Neutral;13.07.2026
92/45493/33;0;10;15/10/2026;;;Neutral;13.07.2026
92/45493/62;0;31;15/09/2026;;;Neutral;13.07.2026
92/45494/16;0;39;;27/07/2026;;Neutral;13.07.2026
92/45494/18;0;6;;;;Neutral;13.07.2026
92/45494/22;0;36;15/09/2026;;;Neutral;13.07.2026
92/45494/33;1;40;;;;Neutral;13.07.2026
92/45497/15;0;0;;27/07/2026;;Neutral;13.07.2026
92/45497/20;0;0;;10/08/2026;;Neutral;13.07.2026
92/45498/60;0;0;;;Liquidation;Neutral;13.07.2026
92/45561/01;1;0;;;;Neutral;13.07.2026
92/45568/65;0;6;;;;Neutral;13.07.2026
92/45570/01;0;10;;;;Neutral;13.07.2026
92/45593/33;0;0;;;;Neutral;13.07.2026
92/45593/62;0;0;;;;Neutral;13.07.2026
92/46100/30;0;31;;;;Neutral;13.07.2026
92/46100/45;0;18;;;;Neutral;13.07.2026
92/46100/60;0;3;;;;Neutral;13.07.2026
92/46100/80;0;10;;;;Neutral;13.07.2026
92/46413/61;0;20;;;;Competitive;13.07.2026
92/46413/65;0;23;;;;Competitive;13.07.2026
92/46417/10;0;19;;;;Neutral;13.07.2026
92/46417/11;0;3;;;;Neutral;13.07.2026
92/46417/15;0;39;;;;Neutral;13.07.2026
92/46417/20;0;24;;;;Neutral;13.07.2026
92/46417/21;0;6;;;;Neutral;13.07.2026
92/46417/25;0;47;;;;Neutral;13.07.2026
92/63800/60;0;8;;;;Neutral;13.07.2026
92/70163/12;0;91;;;;Neutral;13.07.2026
92/70163/14;0;142;;;;Neutral;13.07.2026
92/70163/16;0;51;;;;Neutral;13.07.2026
92/70163/18;0;18;;;;Neutral;13.07.2026
92/70184/11;1;228;;;;Neutral;13.07.2026
92/70184/12;0;500;;;;Neutral;13.07.2026
92/70434/65;0;0;;;Liquidation;Neutral;13.07.2026
92/70434/67;0;0;;;;Neutral;13.07.2026
92/70434/68;0;0;;;;Neutral;13.07.2026
92/70463/50;0;1;;;;Neutral;13.07.2026
92/70483/11;0;193;;;;Neutral;13.07.2026
92/71265/60;0;16;;;;Neutral;13.07.2026
92/71544/67;0;1;;;;Neutral;13.07.2026
92/74116/61;0;0;;27/07/2026;;Competitive;13.07.2026
92/74116/65;0;0;;27/07/2026;;Competitive;13.07.2026
92/74404/65;0;0;30/09/2026;27/07/2026;;Neutral;13.07.2026
92/74405/62;0;0;;27/07/2026;;Neutral;13.07.2026
92/74410/65;0;0;;;Liquidation;Neutral;13.07.2026
92/74419/20;0;1;;;;Neutral;13.07.2026
92/74420/18;0;0;;27/07/2026;;Neutral;13.07.2026
92/74420/20;0;0;;;;Neutral;13.07.2026
92/77286/61;0;13;;;;Neutral;13.07.2026
92/77287/61;0;0;;;;Neutral;13.07.2026
92/77468/01;0;0;;;Liquidation;Neutral;13.07.2026
92/77977/65;0;56;;;;Neutral;13.07.2026
92/77979/02;0;80;;;;Neutral;13.07.2026
92/77979/65;0;49;;;;Neutral;13.07.2026
92/78194/65;0;0;;;;Neutral;13.07.2026
92/78394/65;0;11;;;;Neutral;13.07.2026
92/79158131;0;0;;;;Neutral;13.07.2026
93/00001/30;0;148;;;;Competitive;13.07.2026
93/00004/31;0;0;;;;Neutral;13.07.2026
93/00005/31;0;0;;;;Neutral;13.07.2026
93/00006/31;0;0;;;;Neutral;13.07.2026
93/00131/00;0;12;;;;Neutral;13.07.2026
93/00430/03;0;0;;;;Neutral;13.07.2026
93/00430/15;0;23;;;;Neutral;13.07.2026
93/00430/20;0;6;;;;Neutral;13.07.2026
93/03703/30;1;0;;;Liquidation;Neutral;13.07.2026
93/03703/31;0;5;;;;Neutral;13.07.2026
93/05745/00;0;5;;;;Neutral;13.07.2026
93/06529/00;0;3;;;;Neutral;13.07.2026
93/06800/00;0;0;;;;Neutral;13.07.2026
93/06801/00;0;0;;;;Competitive;13.07.2026
93/07120/00;0;0;;;;Neutral;13.07.2026
93/07121/00;0;0;;;;Neutral;13.07.2026
93/12561/00;0;0;;;;Neutral;13.07.2026
93/12719/60;0;91;;;;Neutral;13.07.2026
93/13493/00;0;3;;;;Neutral;13.07.2026
93/13494/04;0;3;;;;Neutral;13.07.2026
93/13494/11;0;8;;;;Neutral;13.07.2026
93/13494/18;0;11;;;;Neutral;13.07.2026
93/13494/29;0;20;;;;Neutral;13.07.2026
93/13494/44;0;0;15/09/2026;;;Neutral;13.07.2026
93/13958/00;0;22;;;;Neutral;13.07.2026
93/18602/31;1;0;;;Dropped out;;13.07.2026
93/18650/00;0;4;31/08/2026;;;Neutral;13.07.2026
93/18650/01;0;7;;;;Neutral;13.07.2026
93/18652/30;0;0;;;Liquidation;Neutral;13.07.2026
93/18652/31;2;5;;;;Neutral;13.07.2026
93/18655/00;0;0;;;Liquidation;Neutral;13.07.2026
93/19791/00;0;2;;21/08/2026;;Neutral;13.07.2026
93/19792/00;0;31;;;;Neutral;13.07.2026
93/23100/00;0;5;;;;Neutral;13.07.2026
93/23463/30;0;7;;;;Neutral;13.07.2026
93/23463/36;0;12;;;;Neutral;13.07.2026
93/23650/12;0;1;;;Liquidation;Neutral;13.07.2026
93/24105/00;0;2;;;;Neutral;13.07.2026
93/24105/36;0;4;;;;Vibes;13.07.2026
93/24205/30;0;10;;;;Neutral;13.07.2026
93/24400/15;0;21;;;;Neutral;13.07.2026
93/24400/30;0;17;;;;Neutral;13.07.2026
93/24401/21;0;24;;;;Neutral;13.07.2026
93/24401/35;0;29;;;;Neutral;13.07.2026
93/24402/30;0;0;31/08/2026;;;Neutral;13.07.2026
93/24405/34;0;12;;;;Neutral;13.07.2026
93/24406/07;0;21;;;;Premium;13.07.2026
93/24406/37;0;10;;;;Premium;13.07.2026
93/24406/86;0;13;;;;Premium;13.07.2026
93/24407/07;0;2;;;;Neutral;13.07.2026
93/24407/43;0;18;;;;Neutral;13.07.2026
93/25115/19;0;12;;;;Neutral;13.07.2026
93/25415/21;0;0;;;Liquidation;Neutral;13.07.2026
93/27500/00;0;0;;;Liquidation;Neutral;13.07.2026
93/27888/00;0;37;;;;Neutral;13.07.2026
93/27891/00;0;27;;;;Neutral;13.07.2026
93/28107/22;0;0;;;Liquidation;Neutral;13.07.2026
93/28107/30;0;91;;;;Neutral;13.07.2026
93/28116/08;0;12;;;;Neutral;13.07.2026
93/28116/11;0;35;;;;Neutral;13.07.2026
93/28116/15;0;30;;;;Neutral;13.07.2026
93/28116/30;0;0;;;;Neutral;13.07.2026
93/28117/08;0;33;;;;Neutral;13.07.2026
93/28117/15;0;2;;;;Neutral;13.07.2026
93/28117/22;0;3;;;;Neutral;13.07.2026
93/28117/30;0;11;;;;Neutral;13.07.2026
93/28850/00;0;6;;03/08/2026;;Neutral;13.07.2026
93/28857/00;0;10;;;;Neutral;13.07.2026
93/28906/08;0;0;;;;Neutral;13.07.2026
93/28906/11;0;8;;;;Neutral;13.07.2026
93/28906/15;0;8;;;;Neutral;13.07.2026
93/28907/22;1;0;;;Liquidation;Neutral;13.07.2026
93/28907/30;0;0;;;Liquidation;Neutral;13.07.2026
93/35911/08;0;3;;;;Neutral;13.07.2026
93/36419/15;0;0;;;Liquidation;Neutral;13.07.2026
93/36712/30;0;0;;;;Neutral;13.07.2026
93/36712/31;0;5;;;;Neutral;13.07.2026
93/36712/32;0;0;;;;Neutral;13.07.2026
93/36712/33;0;0;;;;Neutral;13.07.2026
93/41412/40;0;4;;;;Neutral;13.07.2026
93/41412/60;0;5;;;;Neutral;13.07.2026
93/41412/80;0;4;15/09/2026;;;Neutral;13.07.2026
93/43404/28;0;0;;;;Neutral;13.07.2026
93/44799/81;0;3;;;;Neutral;13.07.2026
93/45401/00;0;9;;;;Neutral;13.07.2026
93/45455/50;0;0;;;;Neutral;13.07.2026
93/46100/20;0;6;;;;Neutral;13.07.2026
93/46100/32;0;29;;;;Neutral;13.07.2026
93/46100/42;0;10;;;;Neutral;13.07.2026
93/46100/80;0;8;;;;Neutral;13.07.2026
93/46103/20;0;5;;;;Neutral;13.07.2026
93/46201/08;0;3;;;;Neutral;13.07.2026
93/46402/60;0;8;;;;Neutral;13.07.2026
93/46402/80;0;0;30/09/2026;;;Neutral;13.07.2026
93/46403/30;0;14;;;;Neutral;13.07.2026
93/46403/40;0;15;;;;Neutral;13.07.2026
93/46403/50;0;13;;;;Neutral;13.07.2026
93/46619/00;0;3;;;;Neutral;13.07.2026
93/48450/32;0;4;;;;Neutral;13.07.2026
93/48450/48;0;60;;;;Neutral;13.07.2026
93/48750/30;0;3;;;;Neutral;13.07.2026
93/52100/54;0;0;;;;Neutral;13.07.2026
93/52400/59;0;12;;;;Neutral;13.07.2026
93/52400/74;0;1;;;;Neutral;13.07.2026
93/52700/28;0;8;;;;Neutral;13.07.2026
93/52701/30;0;0;;;;Competitive;13.07.2026
93/61013/00;0;303;;;;Neutral;13.07.2026
93/68400/00;0;0;;;;Neutral;13.07.2026
93/70434/16;0;81;;;;Neutral;13.07.2026
93/70434/28;0;83;;;;Neutral;13.07.2026
93/71102/00;0;5;;;;Neutral;13.07.2026
93/71590/31;0;5;;;;Neutral;13.07.2026
93/71593/30;0;18;;;;Neutral;13.07.2026
93/74403/04;0;11;;;;Neutral;13.07.2026
93/74403/06;0;6;;;;Neutral;13.07.2026
93/79100/32;2;0;;;Dropped out;;13.07.2026
93/79155/22;2;0;;;Dropped out;;13.07.2026
93/79177/06;0;22;;;;Competitive;13.07.2026
93/79177/12;0;2;31/10/2026;;;Competitive;13.07.2026
93/79185/12;0;75;;;;Competitive;13.07.2026
93/79185/18;0;132;;;;Competitive;13.07.2026
93/79185/24;0;74;;;;Competitive;13.07.2026
93/79185/36;0;20;;;;Competitive;13.07.2026
93/79185/60;0;2;;;;Competitive;13.07.2026
93/79185/80;0;5;;;;Competitive;13.07.2026
93/79200/00;0;15;;;;Competitive;13.07.2026
93/79200/03;0;5;;;;Competitive;13.07.2026
93/79200/10;0;17;;;;Competitive;13.07.2026
94/00430/00;0;0;30/09/2026;;;Neutral;13.07.2026
94/22552/30;0;170;;;;Competitive;13.07.2026
94/22552/31;0;99;;;;Competitive;13.07.2026
94/2312032;1;0;;;Dropped out;;13.07.2026
94/23120325;0;137;;;;Neutral;13.07.2026
94/24406/02;0;0;;;;Neutral;13.07.2026
94/24407/00;0;29;;;;Neutral;13.07.2026
94/49040/10;0;13;;;;Neutral;13.07.2026
94/49040/20;0;0;;;;Neutral;13.07.2026
94/52502/60;0;473;;;;Competitive;13.07.2026
94/68400/00;0;17;;;;Neutral;13.07.2026
94/70434/15;0;96;;;;Neutral;13.07.2026
94/74420/00;0;7;;;;Premium;13.07.2026
94/79100221;0;45;;;;Neutral;13.07.2026
94/79100225;0;89;;;;Neutral;13.07.2026
94/79100281;2;247;;;;Neutral;13.07.2026
94/79100282;5;0;;;Dropped out;;13.07.2026
94/79100283;6;46;;;;Neutral;13.07.2026
94/79100285;0;196;;;;Neutral;13.07.2026
94/79100321;0;0;;;Liquidation;Neutral;13.07.2026
94/79100325;0;143;;;Liquidation;Neutral;13.07.2026
94/7915212;3;0;;;Dropped out;;13.07.2026
94/79152123;0;258;;;;Neutral;13.07.2026
